player,team,nation,pos,age,born,league,season,Playing Time_MP,Playing Time_Starts,Playing Time_Min,Playing Time_90s,Performance_Gls,Performance_Ast,Performance_G+A,Performance_G-PK,Performance_PK,Performance_PKatt,Performance_CrdY,Performance_CrdR,Per 90 Minutes_Gls,Per 90 Minutes_Ast,Per 90 Minutes_G+A,Per 90 Minutes_G-PK,Per 90 Minutes_G+A-PK,90s,Standard_Gls,Standard_Sh,Standard_SoT,Standard_SoT%,Standard_Sh/90,Standard_SoT/90,Standard_G/Sh,Standard_G/SoT,Standard_PK,Standard_PKatt,Playing Time_MP_playing_time,Playing Time_Min_playing_time,Playing Time_Mn/MP,Playing Time_Min%,Playing Time_90s_playing_time,Starts_Starts,Starts_Mn/Start,Starts_Compl,Subs_Subs,Subs_Mn/Sub,Subs_unSub,Team Success_PPM,Team Success_onG,Team Success_onGA,Team Success_+/-,Team Success_+/-90,Team Success_On-Off,90s_misc,Performance_CrdY_misc,Performance_CrdR_misc,Performance_2CrdY,Performance_Fls,Performance_Fld,Performance_Off,Performance_Crs,Performance_Int,Performance_TklW,Performance_PKwon,Performance_PKcon,Performance_OG
Ben White,Arsenal,ENG,DF,25,1997,ENG-Premier League,2324,37,35,2988,33.2,4,4,8,4,0,0,8,0,0.12,0.12,0.24,0.12,0.24,33.2,4,13,8,61.5,0.39,0.24,0.31,0.5,0,0,37,2988.0,81.0,87.4,33.2,35,85.0,27,2,7.0,0,2.32,81.0,26.0,55.0,1.66,0.2,33.2,8,0,0,19,12,11,57,30,28,,,0
Bukayo Saka,Arsenal,ENG,FW,21,2001,ENG-Premier League,2324,35,35,2919,32.4,16,9,25,10,6,6,4,0,0.49,0.28,0.77,0.31,0.59,32.4,16,107,37,34.6,3.3,1.14,0.09,0.27,6,6,35,2919.0,83.0,85.4,32.4,35,83.0,17,0,,0,2.29,78.0,27.0,51.0,1.57,-0.4,32.4,4,0,0,41,69,8,181,16,37,,,0
Cédric Soares,Arsenal,POR,"DF,MF",31,1991,ENG-Premier League,2324,3,0,62,0.7,0,0,0,0,0,0,0,0,0.0,0.0,0.0,0.0,0.0,0.7,0,0,0,,0.0,0.0,,,0,0,3,62.0,21.0,1.8,0.7,0,,0,3,21.0,15,3.0,1.0,0.0,1.0,1.45,-0.18,0.7,0,0,0,0,1,0,4,0,0,,,0
Declan Rice,Arsenal,ENG,MF,24,1999,ENG-Premier League,2324,38,37,3225,35.8,7,8,15,7,0,0,5,0,0.2,0.22,0.42,0.2,0.42,35.8,7,58,20,34.5,1.62,0.56,0.12,0.35,0,0,38,3225.0,85.0,94.3,35.8,37,87.0,29,1,24.0,0,2.34,84.0,28.0,56.0,1.56,-1.21,35.8,5,0,0,34,14,2,61,44,50,,,0
Eddie Nketiah,Arsenal,ENG,FW,24,1999,ENG-Premier League,2324,27,10,1082,12.0,5,2,7,5,0,0,3,0,0.42,0.17,0.58,0.42,0.58,12.0,5,38,12,31.6,3.16,1.0,0.13,0.42,0,0,27,1082.0,40.0,31.6,12.0,10,78.0,3,17,18.0,11,2.15,24.0,10.0,14.0,1.16,-0.68,12.0,3,0,0,24,28,8,5,4,7,,,0
Emile Smith Rowe,Arsenal,ENG,MF,23,2000,ENG-Premier League,2324,13,3,353,3.9,0,1,1,0,0,0,0,0,0.0,0.25,0.25,0.0,0.25,3.9,0,15,7,46.7,3.82,1.78,0.0,0.0,0,0,13,353.0,27.0,10.3,3.9,3,76.0,0,10,13.0,18,2.23,12.0,3.0,9.0,2.29,0.74,3.9,0,0,0,5,2,0,1,3,1,,,0
Ethan Nwaneri,Arsenal,ENG,MF,16,2007,ENG-Premier League,2324,1,0,14,0.2,0,0,0,0,0,0,0,0,0.0,0.0,0.0,0.0,0.0,0.2,0,0,0,,0.0,0.0,,,0,0,1,14.0,14.0,0.4,0.2,0,,0,1,14.0,1,3.0,0.0,0.0,0.0,0.0,-1.64,0.2,0,0,0,1,1,0,0,0,0,,,0
Fabio Vieira,Arsenal,POR,MF,23,2000,ENG-Premier League,2324,11,2,297,3.3,1,2,3,0,1,1,0,1,0.3,0.61,0.91,0.0,0.61,3.3,1,7,2,28.6,2.12,0.61,0.0,0.0,1,1,11,297.0,27.0,8.7,3.3,2,62.0,0,9,19.0,13,2.36,11.0,2.0,9.0,2.73,1.2,3.3,0,1,0,8,10,2,15,2,2,,,0
Gabriel Jesus,Arsenal,BRA,FW,26,1997,ENG-Premier League,2324,27,17,1478,16.4,4,5,9,4,0,0,6,0,0.24,0.3,0.55,0.24,0.55,16.4,4,55,19,34.5,3.35,1.16,0.07,0.21,0,0,27,1478.0,55.0,43.2,16.4,17,78.0,4,10,16.0,3,2.19,29.0,11.0,18.0,1.1,-0.94,16.4,6,0,0,26,32,16,9,13,17,,,0
Gabriel Magalhães,Arsenal,BRA,DF,25,1997,ENG-Premier League,2324,36,34,3044,33.8,4,0,4,4,0,0,4,0,0.12,0.0,0.12,0.12,0.12,33.8,4,31,10,32.3,0.92,0.3,0.13,0.4,0,0,36,3044.0,85.0,89.0,33.8,34,89.0,32,2,13.0,2,2.36,78.0,26.0,52.0,1.54,-0.86,33.8,4,0,0,35,33,0,4,29,29,,,1
Gabriel Martinelli,Arsenal,BRA,FW,22,2001,ENG-Premier League,2324,35,24,2019,22.4,6,4,10,6,0,0,1,0,0.27,0.18,0.45,0.27,0.45,22.4,6,58,22,37.9,2.59,0.98,0.1,0.27,0,0,35,2019.0,58.0,59.0,22.4,24,74.0,4,11,22.0,0,2.34,52.0,22.0,30.0,1.34,-0.72,22.4,1,0,0,23,24,10,109,4,23,,,0
Jakub Kiwior,Arsenal,POL,DF,23,2000,ENG-Premier League,2324,20,11,946,10.5,1,3,4,1,0,0,1,0,0.1,0.29,0.38,0.1,0.38,10.5,1,6,3,50.0,0.57,0.29,0.17,0.33,0,0,20,946.0,47.0,27.7,10.5,11,80.0,7,9,7.0,18,2.65,39.0,8.0,31.0,2.95,1.82,10.5,1,0,0,10,3,0,12,7,13,,,0
Jorginho,Arsenal,ITA,MF,31,1991,ENG-Premier League,2324,24,10,921,10.2,0,2,2,0,0,0,1,0,0.0,0.2,0.2,0.0,0.2,10.2,0,4,0,0.0,0.39,0.0,0.0,,0,0,24,921.0,38.0,26.9,10.2,10,78.0,3,14,10.0,13,2.42,25.0,11.0,14.0,1.37,-0.36,10.2,1,0,0,9,15,0,3,11,10,,,0
Jurriën Timber,Arsenal,NED,DF,22,2001,ENG-Premier League,2324,2,1,71,0.8,0,0,0,0,0,0,2,0,0.0,0.0,0.0,0.0,0.0,0.8,0,0,0,,0.0,0.0,,,0,0,2,71.0,36.0,2.1,0.8,1,49.0,0,1,22.0,0,3.0,3.0,0.0,3.0,3.8,2.22,0.8,2,0,0,3,0,1,1,0,2,,,0
Kai Havertz,Arsenal,GER,"MF,FW",24,1999,ENG-Premier League,2324,37,30,2634,29.3,13,7,20,12,1,1,11,0,0.44,0.24,0.68,0.41,0.65,29.3,13,69,28,40.6,2.36,0.96,0.17,0.43,1,1,37,2634.0,71.0,77.0,29.3,30,83.0,18,7,19.0,0,2.41,77.0,22.0,55.0,1.88,1.08,29.3,11,0,0,49,44,15,11,18,17,,,0
Leandro Trossard,Arsenal,BEL,"FW,MF",28,1994,ENG-Premier League,2324,34,18,1649,18.3,12,1,13,12,0,0,2,0,0.65,0.05,0.71,0.65,0.71,18.3,12,60,22,36.7,3.27,1.2,0.2,0.55,0,0,34,1649.0,49.0,48.2,18.3,18,72.0,3,16,22.0,3,2.32,45.0,11.0,34.0,1.86,0.43,18.3,2,0,0,15,20,9,57,8,14,,,0
Martin Ødegaard,Arsenal,NOR,MF,24,1998,ENG-Premier League,2324,35,35,3091,34.3,8,10,18,6,2,2,2,0,0.23,0.29,0.52,0.17,0.47,34.3,8,77,23,29.9,2.24,0.67,0.08,0.26,2,2,35,3091.0,88.0,90.4,34.3,35,88.0,22,0,,1,2.37,80.0,23.0,57.0,1.66,0.29,34.3,2,0,0,30,36,3,77,14,18,,,0
Mohamed Elneny,Arsenal,EGY,MF,31,1992,ENG-Premier League,2324,3,0,28,0.3,0,0,0,0,0,0,0,0,0.0,0.0,0.0,0.0,0.0,0.3,0,2,1,50.0,6.43,3.21,0.0,0.0,0,0,3,28.0,9.0,0.8,0.3,0,,0,3,9.0,13,3.0,1.0,0.0,1.0,3.21,1.6,0.3,0,0,0,1,0,0,0,1,0,,,0
Oleksandr Zinchenko,Arsenal,UKR,DF,26,1996,ENG-Premier League,2324,27,20,1722,19.1,1,2,3,1,0,0,2,0,0.05,0.1,0.16,0.05,0.16,19.1,1,17,3,17.6,0.89,0.16,0.06,0.33,0,0,27,1722.0,64.0,50.4,19.1,20,79.0,7,7,21.0,5,2.26,38.0,15.0,23.0,1.2,-0.87,19.1,2,0,0,7,9,1,30,19,30,,,0
Reiss Nelson,Arsenal,ENG,FW,23,1999,ENG-Premier League,2324,15,1,268,3.0,0,0,0,0,0,0,1,0,0.0,0.0,0.0,0.0,0.0,3.0,0,4,1,25.0,1.34,0.34,0.0,0.0,0,0,15,268.0,18.0,7.8,3.0,1,74.0,0,14,14.0,15,2.27,10.0,1.0,9.0,3.02,1.51,3.0,1,0,0,5,6,0,14,1,5,,,0
Takehiro Tomiyasu,Arsenal,JPN,DF,24,1998,ENG-Premier League,2324,22,10,1149,12.8,2,1,3,2,0,0,2,1,0.16,0.08,0.23,0.16,0.23,12.8,2,17,3,17.6,1.33,0.23,0.12,0.67,0,0,22,1149.0,52.0,33.6,12.8,10,85.0,7,12,25.0,1,2.41,30.0,10.0,20.0,1.57,-0.1,12.8,2,1,1,14,8,1,14,18,8,,,0
Thomas Partey,Arsenal,GHA,"MF,DF",30,1993,ENG-Premier League,2324,14,9,788,8.8,0,0,0,0,0,0,3,0,0.0,0.0,0.0,0.0,0.0,8.8,0,8,2,25.0,0.91,0.23,0.0,0.0,0,0,14,788.0,56.0,23.0,8.8,9,79.0,4,5,16.0,3,2.71,20.0,5.0,15.0,1.71,0.11,8.8,3,0,0,10,6,0,2,10,11,,,0
William Saliba,Arsenal,FRA,DF,22,2001,ENG-Premier League,2324,38,38,3420,38.0,2,1,3,2,0,0,4,0,0.05,0.03,0.08,0.05,0.08,38.0,2,10,4,40.0,0.26,0.11,0.2,0.5,0,0,38,3420.0,90.0,100.0,38.0,38,90.0,38,0,,0,2.34,91.0,29.0,62.0,1.63,,38.0,4,0,0,22,16,0,3,29,26,,,0
Bertrand Traoré,Aston Villa,BFA,"FW,MF",27,1995,ENG-Premier League,2324,2,0,11,0.1,0,0,0,0,0,0,0,0,0.0,0.0,0.0,0.0,0.0,0.1,0,0,0,,0.0,0.0,,,0,0,2,11.0,6.0,0.3,0.1,0,,0,2,6.0,6,3.0,0.0,0.0,0.0,0.0,-0.4,0.1,0,0,0,0,0,0,0,0,1,,,0
Boubacar Kamara,Aston Villa,FRA,MF,23,1999,ENG-Premier League,2324,20,20,1652,18.4,0,1,1,0,0,0,7,1,0.0,0.05,0.05,0.0,0.05,18.4,0,5,1,20.0,0.27,0.05,0.0,0.0,0,0,20,1652.0,83.0,48.3,18.4,20,83.0,10,0,,0,2.05,36.0,22.0,14.0,0.76,0.71,18.4,7,1,0,35,29,0,2,20,30,,,0
Calum Chambers,Aston Villa,ENG,MF,28,1995,ENG-Premier League,2324,5,1,152,1.7,0,1,1,0,0,0,1,0,0.0,0.59,0.59,0.0,0.59,1.7,0,0,0,,0.0,0.0,,,0,0,5,152.0,30.0,4.4,1.7,1,67.0,0,4,21.0,26,0.8,3.0,6.0,-3.0,-1.78,-2.27,1.7,1,0,0,3,1,0,0,2,0,,,0
Cameron Archer,Aston Villa,ENG,"FW,MF",22,2001,ENG-Premier League,2324,1,0,6,0.1,0,0,0,0,0,0,1,0,0.0,0.0,0.0,0.0,0.0,0.1,0,0,0,,0.0,0.0,,,0,0,1,6.0,6.0,0.2,0.1,0,,0,1,6.0,1,3.0,0.0,0.0,0.0,0.0,-0.4,0.1,1,0,0,1,0,0,0,0,0,,,0
Clément Lenglet,Aston Villa,FRA,DF,28,1995,ENG-Premier League,2324,14,14,1153,12.8,0,1,1,0,0,0,3,0,0.0,0.08,0.08,0.0,0.08,12.8,0,7,2,28.6,0.55,0.16,0.0,0.0,0,0,14,1153.0,82.0,33.7,12.8,14,82.0,11,0,,20,1.29,22.0,27.0,-5.0,-0.39,-1.18,12.8,3,0,0,3,12,0,3,8,9,,,0
Diego Carlos,Aston Villa,BRA,DF,30,1993,ENG-Premier League,2324,27,20,1816,20.2,0,0,0,0,0,0,4,0,0.0,0.0,0.0,0.0,0.0,20.2,0,10,1,10.0,0.5,0.05,0.0,0.0,0,0,27,1816.0,67.0,53.1,20.2,20,86.0,18,7,15.0,5,1.56,35.0,36.0,-1.0,-0.05,-0.95,20.2,4,0,0,26,4,1,1,12,16,,,0
Douglas Luiz,Aston Villa,BRA,MF,25,1998,ENG-Premier League,2324,35,35,2993,33.3,9,5,14,5,4,4,12,0,0.27,0.15,0.42,0.15,0.3,33.3,9,48,17,35.4,1.44,0.51,0.1,0.29,4,4,35,2993.0,86.0,87.5,33.3,35,86.0,26,0,,0,1.69,65.0,57.0,8.0,0.24,-1.23,33.3,12,0,0,51,41,0,116,22,37,,,0
Ezri Konsa,Aston Villa,ENG,DF,25,1997,ENG-Premier League,2324,35,35,3069,34.1,1,0,1,1,0,0,5,0,0.03,0.0,0.03,0.03,0.03,34.1,1,19,5,26.3,0.56,0.15,0.05,0.2,0,0,35,3069.0,88.0,89.7,34.1,35,88.0,30,0,,0,1.77,68.0,54.0,14.0,0.41,0.15,34.1,5,0,0,15,64,0,18,26,33,,,0
Finley Munroe,Aston Villa,ENG,DF,18,2005,ENG-Premier League,2324,1,0,4,0.0,0,0,0,0,0,0,0,0,0.0,0.0,0.0,0.0,0.0,0.0,0,0,0,,0.0,0.0,,,0,0,1,4.0,4.0,0.1,0.0,0,,0,1,4.0,2,0.0,0.0,0.0,0.0,0.0,-0.4,0.0,0,0,0,0,0,0,0,0,0,,,0
Jacob Ramsey,Aston Villa,ENG,MF,22,2001,ENG-Premier League,2324,16,8,853,9.5,1,1,2,1,0,0,2,0,0.11,0.11,0.21,0.11,0.21,9.5,1,19,5,26.3,2.0,0.53,0.05,0.2,0,0,16,853.0,53.0,24.9,9.5,8,80.0,5,8,26.0,0,2.19,22.0,12.0,10.0,1.06,0.88,9.5,2,0,0,7,12,0,11,3,8,,,0
Jaden Philogene Bidace,Aston Villa,ENG,"FW,MF",21,2002,ENG-Premier League,2324,1,0,4,0.0,0,0,0,0,0,0,0,0,0.0,0.0,0.0,0.0,0.0,0.0,0,0,0,,0.0,0.0,,,0,0,1,4.0,4.0,0.1,0.0,0,,0,1,4.0,0,0.0,0.0,1.0,-1.0,-22.5,-22.92,0.0,0,0,0,0,0,0,0,0,0,,,0
John McGinn,Aston Villa,SCO,MF,28,1994,ENG-Premier League,2324,35,35,2999,33.3,6,4,10,6,0,0,9,1,0.18,0.12,0.3,0.18,0.3,33.3,6,40,16,40.0,1.2,0.48,0.15,0.38,0,0,35,2999.0,86.0,87.7,33.3,35,86.0,24,0,,0,1.83,68.0,52.0,16.0,0.48,0.69,33.3,9,1,0,39,69,2,77,20,34,,,0
Jáder Durán,Aston Villa,COL,FW,19,2003,ENG-Premier League,2324,23,3,475,5.3,5,0,5,5,0,0,5,0,0.95,0.0,0.95,0.95,0.95,5.3,5,20,7,35.0,3.79,1.33,0.25,0.71,0,0,23,475.0,21.0,13.9,5.3,3,68.0,1,20,14.0,5,1.74,15.0,12.0,3.0,0.57,0.2,5.3,5,0,0,12,8,4,6,1,5,,,0
Kaine Kesler-Hayden,Aston Villa,ENG,"DF,MF",20,2002,ENG-Premier League,2324,3,0,6,0.1,0,0,0,0,0,0,0,0,0.0,0.0,0.0,0.0,0.0,0.1,0,0,0,,0.0,0.0,,,0,0,3,6.0,2.0,0.2,0.1,0,,0,3,2.0,14,2.0,0.0,0.0,0.0,0.0,-0.4,0.1,0,0,0,0,0,0,0,0,0,,,0
Leander Dendoncker,Aston Villa,BEL,MF,28,1995,ENG-Premier League,2324,8,1,119,1.3,1,0,1,1,0,0,0,0,0.76,0.0,0.76,0.76,0.76,1.3,1,2,1,50.0,1.51,0.76,0.5,1.0,0,0,8,119.0,15.0,3.5,1.3,1,85.0,0,7,5.0,10,2.25,3.0,3.0,0.0,0.0,-0.41,1.3,0,0,0,1,1,0,0,2,4,,,0
Leon Bailey,Aston Villa,JAM,MF,25,1997,ENG-Premier League,2324,35,22,2068,23.0,10,9,19,10,0,0,5,0,0.44,0.39,0.83,0.44,0.83,23.0,10,53,18,34.0,2.31,0.78,0.19,0.56,0,0,35,2068.0,59.0,60.5,23.0,22,76.0,3,13,31.0,1,1.77,53.0,32.0,21.0,0.91,1.31,23.0,5,0,0,26,26,11,77,9,8,,,0
Lucas Digne,Aston Villa,FRA,DF,30,1993,ENG-Premier League,2324,33,27,2410,26.8,1,3,4,1,0,0,7,0,0.04,0.11,0.15,0.04,0.15,26.8,1,20,4,20.0,0.75,0.15,0.05,0.25,0,0,33,2410.0,73.0,70.5,26.8,27,85.0,18,6,19.0,0,1.76,54.0,41.0,13.0,0.49,0.31,26.8,7,0,0,30,29,2,151,25,21,,,0
Matty Cash,Aston Villa,POL,"DF,MF",25,1997,ENG-Premier League,2324,29,23,2142,23.8,2,2,4,2,0,0,8,0,0.08,0.08,0.17,0.08,0.17,23.8,2,33,13,39.4,1.39,0.55,0.06,0.15,0,0,29,2142.0,74.0,62.6,23.8,23,84.0,16,6,34.0,2,1.86,49.0,36.0,13.0,0.55,0.41,23.8,8,0,0,30,22,0,38,18,30,,,1
Morgan Rogers,Aston Villa,ENG,MF,21,2002,ENG-Premier League,2324,11,8,638,7.1,3,1,4,3,0,0,3,0,0.42,0.14,0.56,0.42,0.56,7.1,3,11,5,45.5,1.55,0.71,0.27,0.6,0,0,11,638.0,58.0,18.7,7.1,8,72.0,4,3,20.0,3,1.91,12.0,13.0,-1.0,-0.14,-0.66,7.1,3,0,0,12,9,0,2,3,1,,,0
Moussa Diaby,Aston Villa,FRA,"MF,FW",24,1999,ENG-Premier League,2324,38,25,2174,24.2,6,8,14,6,0,0,1,0,0.25,0.33,0.58,0.25,0.58,24.2,6,54,23,42.6,2.24,0.95,0.11,0.26,0,0,38,2174.0,57.0,63.6,24.2,25,75.0,4,13,23.0,0,1.79,41.0,40.0,1.0,0.04,-0.97,24.2,1,0,0,16,15,6,45,9,5,,,0
Nicolò Zaniolo,Aston Villa,ITA,"MF,FW",24,1999,ENG-Premier League,2324,25,9,839,9.3,2,0,2,2,0,0,7,0,0.21,0.0,0.21,0.21,0.21,9.3,2,27,10,37.0,2.9,1.07,0.07,0.2,0,0,25,839.0,34.0,24.5,9.3,9,61.0,0,16,18.0,5,1.6,17.0,13.0,4.0,0.43,0.05,9.3,7,0,0,24,21,0,18,1,9,,,0
Ollie Watkins,Aston Villa,ENG,FW,27,1995,ENG-Premier League,2324,37,37,3217,35.7,19,13,32,19,0,0,4,0,0.53,0.36,0.9,0.53,0.9,35.7,19,106,46,43.4,2.97,1.29,0.18,0.41,0,0,37,3217.0,87.0,94.1,35.7,37,87.0,27,0,,0,1.84,71.0,56.0,15.0,0.42,0.42,35.7,4,0,0,22,41,17,14,4,7,,,0
Omari Kellyman,Aston Villa,ENG,"FW,MF",17,2005,ENG-Premier League,2324,2,0,37,0.4,0,0,0,0,0,0,0,0,0.0,0.0,0.0,0.0,0.0,0.4,0,1,0,0.0,2.43,0.0,0.0,,0,0,2,37.0,19.0,1.1,0.4,0,,0,2,19.0,10,0.0,0.0,1.0,-1.0,-2.43,-2.86,0.4,0,0,0,0,0,0,0,0,0,,,0
Pau Torres,Aston Villa,ESP,DF,26,1997,ENG-Premier League,2324,29,27,2464,27.4,2,0,2,2,0,0,1,0,0.07,0.0,0.07,0.07,0.07,27.4,2,12,5,41.7,0.44,0.18,0.17,0.4,0,0,29,2464.0,85.0,72.0,27.4,27,88.0,25,2,45.0,5,2.07,57.0,37.0,20.0,0.73,1.2,27.4,1,0,0,17,10,2,8,11,16,,,0
Philippe Coutinho,Aston Villa,BRA,"FW,MF",31,1992,ENG-Premier League,2324,2,0,25,0.3,0,0,0,0,0,0,0,0,0.0,0.0,0.0,0.0,0.0,0.3,0,3,1,33.3,10.8,3.6,0.0,0.0,0,0,2,25.0,13.0,0.7,0.3,0,,0,2,13.0,0,1.5,1.0,1.0,0.0,0.0,-0.4,0.3,0,0,0,0,1,0,0,0,0,,,0
Tim Iroegbunam,Aston Villa,ENG,MF,20,2003,ENG-Premier League,2324,9,1,164,1.8,0,0,0,0,0,0,0,0,0.0,0.0,0.0,0.0,0.0,1.8,0,0,0,,0.0,0.0,,,0,0,9,164.0,18.0,4.8,1.8,1,62.0,0,8,13.0,16,1.44,2.0,7.0,-5.0,-2.74,-3.3,1.8,0,0,0,9,3,0,0,3,4,,,0
Tyrone Mings,Aston Villa,ENG,DF,30,1993,ENG-Premier League,2324,1,1,30,0.3,0,0,0,0,0,0,0,0,0.0,0.0,0.0,0.0,0.0,0.3,0,1,0,0.0,3.0,0.0,0.0,,0,0,1,30.0,30.0,0.9,0.3,1,30.0,0,0,,0,0.0,1.0,2.0,-1.0,-3.0,-3.42,0.3,0,0,0,0,0,0,0,1,0,,,0
Youri Tielemans,Aston Villa,BEL,"MF,FW",26,1997,ENG-Premier League,2324,32,17,1622,18.0,2,6,8,2,0,0,3,0,0.11,0.33,0.44,0.11,0.44,18.0,2,14,6,42.9,0.78,0.33,0.14,0.33,0,0,32,1622.0,51.0,47.4,18.0,17,77.0,6,15,21.0,0,1.91,40.0,27.0,13.0,0.72,0.62,18.0,3,0,0,22,29,0,31,14,21,,,0
Álex Moreno,Aston Villa,ESP,DF,30,1993,ENG-Premier League,2324,21,11,1031,11.5,2,0,2,2,0,0,2,0,0.17,0.0,0.17,0.17,0.17,11.5,2,8,4,50.0,0.7,0.35,0.25,0.5,0,0,21,1031.0,49.0,30.1,11.5,11,80.0,5,10,16.0,4,1.67,24.0,20.0,4.0,0.35,-0.07,11.5,2,0,0,11,16,2,37,11,12,,,1
Adam Smith,Bournemouth,ENG,DF,32,1991,ENG-Premier League,2324,28,25,2150,23.9,0,2,2,0,0,0,6,0,0.0,0.08,0.08,0.0,0.08,23.9,0,2,0,0.0,0.08,0.0,0.0,,0,0,28,2150.0,77.0,62.9,23.9,25,85.0,15,3,12.0,6,1.61,39.0,33.0,6.0,0.25,1.6,23.9,6,0,0,30,22,1,39,21,23,,,0
Alex Scott,Bournemouth,ENG,MF,19,2003,ENG-Premier League,2324,23,11,1014,11.3,1,1,2,1,0,0,3,0,0.09,0.09,0.18,0.09,0.18,11.3,1,15,4,26.7,1.33,0.36,0.07,0.25,0,0,23,1014.0,44.0,29.6,11.3,11,66.0,2,12,24.0,2,1.22,17.0,25.0,-8.0,-0.71,-0.52,11.3,3,0,0,19,25,1,36,11,16,,,0
Antoine Semenyo,Bournemouth,GHA,MF,23,2000,ENG-Premier League,2324,33,25,2105,23.4,8,2,10,8,0,0,6,0,0.34,0.09,0.43,0.34,0.43,23.4,8,70,31,44.3,2.99,1.33,0.11,0.26,0,0,33,2105.0,64.0,61.5,23.4,25,76.0,10,8,25.0,3,1.39,41.0,33.0,8.0,0.34,1.78,23.4,6,0,0,43,25,3,46,5,17,,,0
Chris Mepham,Bournemouth,WAL,DF,25,1997,ENG-Premier League,2324,10,6,617,6.9,0,1,1,0,0,0,2,0,0.0,0.15,0.15,0.0,0.15,6.9,0,1,1,100.0,0.15,0.15,0.0,0.0,0,0,10,617.0,62.0,18.0,6.9,6,83.0,5,4,31.0,14,1.6,13.0,16.0,-3.0,-0.44,-0.12,6.9,2,0,0,15,2,0,1,5,11,,,0
Dango Ouattara,Bournemouth,BFA,"DF,MF",21,2002,ENG-Premier League,2324,30,12,1229,13.7,1,2,3,1,0,0,3,0,0.07,0.15,0.22,0.07,0.22,13.7,1,30,7,23.3,2.2,0.51,0.03,0.14,0,0,30,1229.0,41.0,35.9,13.7,12,74.0,4,18,19.0,2,1.4,20.0,24.0,-4.0,-0.29,0.08,13.7,3,0,0,15,17,4,37,21,26,,,0
David Brooks,Bournemouth,WAL,MF,26,1997,ENG-Premier League,2324,13,2,282,3.1,1,1,2,1,0,0,1,0,0.32,0.32,0.64,0.32,0.64,3.1,1,13,5,38.5,4.15,1.6,0.08,0.2,0,0,13,282.0,22.0,8.2,3.1,2,65.0,0,11,14.0,7,0.92,5.0,7.0,-2.0,-0.64,-0.32,3.1,1,0,0,6,1,1,15,2,4,,,0
Dominic Sadi,Bournemouth,ENG,MF,19,2003,ENG-Premier League,2324,1,0,1,0.0,0,0,0,0,0,0,0,0,0.0,0.0,0.0,0.0,0.0,0.0,0,0,0,,0.0,0.0,,,0,0,1,1.0,1.0,0.0,0.0,0,,0,1,1.0,4,3.0,0.0,0.0,0.0,0.0,0.34,0.0,0,0,0,0,0,0,0,0,0,,,0
Dominic Solanke,Bournemouth,ENG,FW,25,1997,ENG-Premier League,2324,38,37,3325,36.9,19,3,22,17,2,3,3,0,0.51,0.08,0.6,0.46,0.54,36.9,19,109,38,34.9,2.95,1.03,0.16,0.45,2,3,38,3325.0,88.0,97.2,36.9,37,89.0,28,1,32.0,0,1.26,51.0,61.0,-10.0,-0.27,2.57,36.9,3,0,0,41,45,16,6,7,9,,,0
Enes Ünal,Bournemouth,TUR,FW,26,1997,ENG-Premier League,2324,16,2,328,3.6,2,2,4,2,0,0,1,0,0.55,0.55,1.1,0.55,1.1,3.6,2,23,11,47.8,6.31,3.02,0.09,0.18,0,0,16,328.0,21.0,9.6,3.6,2,67.0,0,14,14.0,0,1.31,11.0,9.0,2.0,0.55,0.99,3.6,1,0,0,10,9,6,3,1,4,,,0
Hamed Junior Traorè,Bournemouth,CIV,MF,23,2000,ENG-Premier League,2324,3,0,47,0.5,0,0,0,0,0,0,0,0,0.0,0.0,0.0,0.0,0.0,0.5,0,3,2,66.7,5.74,3.83,0.0,0.0,0,0,3,47.0,16.0,1.4,0.5,0,,0,3,16.0,7,0.0,0.0,1.0,-1.0,-1.91,-1.59,0.5,0,0,0,0,0,0,3,0,0,,,0
Illia Zabarnyi,Bournemouth,UKR,DF,20,2002,ENG-Premier League,2324,37,37,3330,37.0,1,0,1,1,0,0,5,0,0.03,0.0,0.03,0.03,0.03,37.0,1,8,3,37.5,0.22,0.08,0.13,0.33,0,0,37,3330.0,90.0,97.4,37.0,37,90.0,37,0,,0,1.22,51.0,67.0,-16.0,-0.43,-3.43,37.0,5,0,0,24,24,0,1,31,31,,,0
Jaidon Anthony,Bournemouth,ENG,MF,23,1999,ENG-Premier League,2324,3,2,152,1.7,0,0,0,0,0,0,1,0,0.0,0.0,0.0,0.0,0.0,1.7,0,2,1,50.0,1.18,0.59,0.0,0.0,0,0,3,152.0,51.0,4.4,1.7,2,61.0,0,1,31.0,0,0.33,1.0,5.0,-4.0,-2.37,-2.12,1.7,1,0,0,4,2,2,2,0,1,,,0
James Hill,Bournemouth,ENG,DF,21,2002,ENG-Premier League,2324,5,1,76,0.8,0,0,0,0,0,0,0,0,0.0,0.0,0.0,0.0,0.0,0.8,0,0,0,,0.0,0.0,,,0,0,5,76.0,15.0,2.2,0.8,1,54.0,0,4,6.0,10,2.0,1.0,1.0,0.0,0.0,0.35,0.8,0,0,0,1,0,0,0,3,2,,,0
Joe Rothwell,Bournemouth,ENG,MF,28,1995,ENG-Premier League,2324,11,3,386,4.3,0,0,0,0,0,0,0,0,0.0,0.0,0.0,0.0,0.0,4.3,0,2,0,0.0,0.47,0.0,0.0,,0,0,11,386.0,35.0,11.3,4.3,3,70.0,1,8,22.0,8,1.18,4.0,12.0,-8.0,-1.87,-1.72,4.3,0,0,0,4,2,0,13,2,2,,,0
Justin Kluivert,Bournemouth,NED,MF,24,1999,ENG-Premier League,2324,32,26,1916,21.3,7,1,8,7,0,0,5,0,0.33,0.05,0.38,0.33,0.38,21.3,7,56,20,35.7,2.63,0.94,0.13,0.35,0,0,32,1916.0,60.0,56.0,21.3,26,68.0,0,6,24.0,6,1.22,29.0,23.0,6.0,0.28,1.42,21.3,5,0,0,52,28,5,28,7,17,,,0
Kieffer Moore,Bournemouth,WAL,"DF,FW",30,1992,ENG-Premier League,2324,8,0,108,1.2,1,0,1,1,0,0,0,0,0.83,0.0,0.83,0.83,0.83,1.2,1,6,2,33.3,5.0,1.67,0.17,0.5,0,0,8,108.0,14.0,3.2,1.2,0,,0,8,14.0,8,0.88,3.0,2.0,1.0,0.83,1.21,1.2,0,0,0,5,2,0,2,0,0,,,0
Lewis Cook,Bournemouth,ENG,MF,26,1997,ENG-Premier League,2324,33,32,2786,31.0,0,3,3,0,0,0,5,1,0.0,0.1,0.1,0.0,0.1,31.0,0,12,4,33.3,0.39,0.13,0.0,0.0,0,0,33,2786.0,84.0,81.5,31.0,32,86.0,26,1,45.0,0,1.24,43.0,50.0,-7.0,-0.23,0.63,31.0,5,1,0,39,16,2,133,67,42,,,0
Lloyd Kelly,Bournemouth,ENG,DF,24,1998,ENG-Premier League,2324,23,17,1559,17.3,0,1,1,0,0,0,2,0,0.0,0.06,0.06,0.0,0.06,17.3,0,4,1,25.0,0.23,0.06,0.0,0.0,0,0,23,1559.0,68.0,45.6,17.3,17,83.0,12,6,25.0,0,1.13,22.0,32.0,-10.0,-0.58,-0.43,17.3,2,0,0,17,13,0,21,13,20,,,0
Luis Sinisterra,Bournemouth,COL,MF,24,1999,ENG-Premier League,2324,20,7,699,7.8,2,2,4,2,0,0,0,0,0.26,0.26,0.52,0.26,0.52,7.8,2,27,9,33.3,3.48,1.16,0.07,0.22,0,0,20,699.0,35.0,20.4,7.8,7,59.0,0,13,22.0,4,1.35,12.0,18.0,-6.0,-0.77,-0.54,7.8,0,0,0,12,6,4,11,8,12,,,0
Marcos Senesi,Bournemouth,ARG,DF,26,1997,ENG-Premier League,2324,31,26,2242,24.9,4,5,9,4,0,0,13,0,0.16,0.2,0.36,0.16,0.36,24.9,4,13,4,30.8,0.52,0.16,0.31,1.0,0,0,31,2242.0,72.0,65.6,24.9,26,83.0,17,5,16.0,1,1.13,37.0,44.0,-7.0,-0.28,0.18,24.9,13,0,0,41,11,0,25,33,35,,,0
Marcus Tavernier,Bournemouth,ENG,MF,24,1999,ENG-Premier League,2324,30,25,2118,23.5,3,4,7,3,0,0,3,0,0.13,0.17,0.3,0.13,0.3,23.5,3,53,16,30.2,2.25,0.68,0.06,0.19,0,0,30,2118.0,71.0,61.9,23.5,25,78.0,7,5,33.0,0,1.33,37.0,38.0,-1.0,-0.04,0.79,23.5,3,0,0,21,22,3,116,4,33,,,0
Max Aarons,Bournemouth,ENG,DF,23,2000,ENG-Premier League,2324,20,13,1237,13.7,0,1,1,0,0,0,1,0,0.0,0.07,0.07,0.0,0.07,13.7,0,2,0,0.0,0.15,0.0,0.0,,0,0,20,1237.0,62.0,36.2,13.7,13,85.0,9,7,19.0,5,0.8,12.0,35.0,-23.0,-1.67,-2.09,13.7,1,0,0,12,26,2,14,8,19,,,0
Milos Kerkez,Bournemouth,HUN,DF,19,2003,ENG-Premier League,2324,28,22,1970,21.9,0,1,1,0,0,0,4,1,0.0,0.05,0.05,0.0,0.05,21.9,0,16,5,31.3,0.73,0.23,0.0,0.0,0,0,28,1970.0,70.0,57.6,21.9,22,83.0,11,6,25.0,3,1.14,25.0,37.0,-12.0,-0.55,-0.49,21.9,4,1,0,24,21,1,57,16,25,,,1
Philip Billing,Bournemouth,DEN,MF,27,1996,ENG-Premier League,2324,29,13,1398,15.5,2,2,4,2,0,0,3,1,0.13,0.13,0.26,0.13,0.26,15.5,2,30,8,26.7,1.93,0.52,0.07,0.25,0,0,29,1398.0,48.0,40.9,15.5,13,83.0,6,16,20.0,4,1.24,18.0,36.0,-18.0,-1.16,-1.38,15.5,3,1,0,19,12,0,28,18,19,,,0
Romain Faivre,Bournemouth,FRA,MF,25,1998,ENG-Premier League,2324,5,0,41,0.5,0,0,0,0,0,0,1,0,0.0,0.0,0.0,0.0,0.0,0.5,0,2,0,0.0,4.39,0.0,0.0,,0,0,5,41.0,8.0,1.2,0.5,0,,0,5,8.0,8,0.4,0.0,1.0,-1.0,-2.2,-1.88,0.5,1,0,0,2,4,0,3,0,1,,,0
Ryan Christie,Bournemouth,SCO,MF,28,1995,ENG-Premier League,2324,37,35,2907,32.3,0,5,5,0,0,0,6,0,0.0,0.15,0.15,0.0,0.15,32.3,0,43,13,30.2,1.33,0.4,0.0,0.0,0,0,37,2907.0,79.0,85.0,32.3,35,81.0,18,2,29.0,0,1.22,44.0,55.0,-11.0,-0.34,0.01,32.3,6,0,0,47,38,5,73,51,43,,,0
Tyler Adams,Bournemouth,USA,MF,24,1999,ENG-Premier League,2324,3,1,121,1.3,0,0,0,0,0,0,0,0,0.0,0.0,0.0,0.0,0.0,1.3,0,0,0,,0.0,0.0,,,0,0,3,121.0,40.0,3.5,1.3,1,90.0,1,2,16.0,2,2.0,4.0,3.0,1.0,0.74,1.13,1.3,0,0,0,0,3,0,1,4,3,,,0
Aaron Hickey,Brentford,SCO,"DF,MF",21,2002,ENG-Premier League,2324,9,9,713,7.9,0,0,0,0,0,0,5,0,0.0,0.0,0.0,0.0,0.0,7.9,0,7,1,14.3,0.88,0.13,0.0,0.0,0,0,9,713.0,79.0,20.8,7.9,9,79.0,2,0,,0,1.11,10.0,12.0,-2.0,-0.25,-0.02,7.9,5,0,0,10,16,0,5,3,10,,,0
Ben Mee,Brentford,ENG,DF,33,1989,ENG-Premier League,2324,16,15,1272,14.1,2,0,2,2,0,0,1,1,0.14,0.0,0.14,0.14,0.14,14.1,2,10,2,20.0,0.71,0.14,0.2,1.0,0,0,16,1272.0,80.0,37.2,14.1,15,85.0,11,1,1.0,2,0.81,16.0,26.0,-10.0,-0.71,-0.75,14.1,1,1,0,7,3,2,5,13,14,,,0
Bryan Mbeumo,Brentford,CMR,FW,23,1999,ENG-Premier League,2324,25,22,1960,21.8,9,6,15,6,3,3,2,0,0.41,0.28,0.69,0.28,0.55,21.8,9,53,20,37.7,2.43,0.92,0.11,0.3,3,3,25,1960.0,78.0,57.3,21.8,22,87.0,18,3,17.0,0,1.28,37.0,31.0,6.0,0.28,1.2,21.8,2,0,0,22,42,4,93,7,9,,,0
Christian Nørgaard,Brentford,DEN,MF,29,1994,ENG-Premier League,2324,31,30,2505,27.8,2,1,3,2,0,0,8,0,0.07,0.04,0.11,0.07,0.11,27.8,2,35,7,20.0,1.26,0.25,0.06,0.29,0,0,31,2505.0,81.0,73.2,27.8,30,83.0,20,1,20.0,0,0.97,36.0,51.0,-15.0,-0.54,-1.13,27.8,8,0,0,41,32,1,22,53,50,,,0
Ethan Pinnock,Brentford,JAM,DF,30,1993,ENG-Premier League,2324,29,28,2521,28.0,2,0,2,2,0,0,1,0,0.07,0.0,0.07,0.07,0.07,28.0,2,19,4,21.1,0.68,0.14,0.11,0.5,0,0,29,2521.0,87.0,73.7,28.0,28,90.0,28,1,1.0,0,1.21,44.0,46.0,-2.0,-0.07,0.63,28.0,1,0,0,5,11,0,7,43,23,,,0
Frank Onyeka,Brentford,NGA,MF,25,1998,ENG-Premier League,2324,26,11,1161,12.9,1,2,3,1,0,0,8,0,0.08,0.16,0.23,0.08,0.23,12.9,1,22,9,40.9,1.71,0.7,0.05,0.11,0,0,26,1161.0,45.0,33.9,12.9,11,78.0,3,15,20.0,4,0.85,17.0,27.0,-10.0,-0.78,-0.82,12.9,8,0,0,24,31,4,16,23,20,,,0
Ivan Toney,Brentford,ENG,FW,27,1996,ENG-Premier League,2324,17,16,1450,16.1,4,2,6,4,0,0,5,0,0.25,0.12,0.37,0.25,0.37,16.1,4,51,22,43.1,3.17,1.37,0.08,0.18,0,0,17,1450.0,85.0,42.4,16.1,16,90.0,16,1,10.0,1,0.82,20.0,30.0,-10.0,-0.62,-0.67,16.1,5,0,0,24,29,7,22,10,4,,,0
Josh Dasilva,Brentford,ENG,MF,24,1998,ENG-Premier League,2324,3,0,24,0.3,0,0,0,0,0,0,0,0,0.0,0.0,0.0,0.0,0.0,0.3,0,0,0,,0.0,0.0,,,0,0,3,24.0,8.0,0.7,0.3,0,,0,3,8.0,1,2.0,0.0,0.0,0.0,0.0,0.24,0.3,0,0,0,2,0,0,6,0,1,,,0
Keane Lewis-Potter,Brentford,ENG,"FW,MF",22,2001,ENG-Premier League,2324,30,15,1441,16.0,3,1,4,3,0,0,0,0,0.19,0.06,0.25,0.19,0.25,16.0,3,43,22,51.2,2.69,1.37,0.07,0.14,0,0,30,1441.0,48.0,42.1,16.0,15,78.0,2,15,18.0,3,0.93,24.0,29.0,-5.0,-0.31,-0.13,16.0,0,0,0,8,18,3,50,7,7,,,0
Kevin Schade,Brentford,GER,FW,21,2001,ENG-Premier League,2324,11,3,333,3.7,2,1,3,2,0,0,0,0,0.54,0.27,0.81,0.54,0.81,3.7,2,8,4,50.0,2.16,1.08,0.25,0.5,0,0,11,333.0,30.0,9.7,3.7,3,73.0,0,8,14.0,0,1.45,8.0,5.0,3.0,0.81,1.16,3.7,0,0,0,10,6,2,5,1,2,,,0
Kristoffer Ajer,Brentford,NOR,DF,25,1998,ENG-Premier League,2324,28,21,1832,20.4,2,1,3,2,0,0,5,0,0.1,0.05,0.15,0.1,0.15,20.4,2,12,4,33.3,0.59,0.2,0.17,0.5,0,0,28,1832.0,65.0,53.6,20.4,21,84.0,13,7,11.0,1,1.14,28.0,33.0,-5.0,-0.25,-0.02,20.4,5,0,0,25,10,1,22,21,23,,,0
Mads Roerslev,Brentford,DEN,"MF,DF",24,1999,ENG-Premier League,2324,34,22,1985,22.1,1,2,3,1,0,0,1,0,0.05,0.09,0.14,0.05,0.14,22.1,1,7,1,14.3,0.32,0.05,0.14,1.0,0,0,34,1985.0,58.0,58.0,22.1,22,79.0,8,12,20.0,3,1.09,32.0,40.0,-8.0,-0.36,-0.3,22.1,1,0,0,10,15,3,61,20,31,,,0
Mathias Jensen,Brentford,DEN,MF,27,1996,ENG-Premier League,2324,32,27,2204,24.5,3,3,6,3,0,0,5,0,0.12,0.12,0.25,0.12,0.25,24.5,3,14,7,50.0,0.57,0.29,0.21,0.43,0,0,32,2204.0,69.0,64.4,24.5,27,77.0,5,5,27.0,0,1.09,37.0,45.0,-8.0,-0.33,-0.25,24.5,5,0,0,28,20,1,111,21,33,,,0
Mathias Jørgensen,Brentford,DEN,DF,33,1990,ENG-Premier League,2324,14,12,1087,12.1,1,0,1,1,0,0,4,0,0.08,0.0,0.08,0.08,0.08,12.1,1,8,2,25.0,0.66,0.17,0.13,0.5,0,0,14,1087.0,78.0,31.8,12.1,12,90.0,11,2,4.0,23,0.57,16.0,24.0,-8.0,-0.66,-0.62,12.1,4,0,0,11,6,3,9,11,12,,,0
Michael Olakigbe,Brentford,ENG,MF,19,2004,ENG-Premier League,2324,8,0,59,0.7,0,0,0,0,0,0,0,0,0.0,0.0,0.0,0.0,0.0,0.7,0,3,1,33.3,4.58,1.53,0.0,0.0,0,0,8,59.0,7.0,1.7,0.7,0,,0,8,7.0,9,0.63,1.0,0.0,1.0,1.53,1.79,0.7,0,0,0,2,2,1,7,1,0,,,0
Mikkel Damsgaard,Brentford,DEN,MF,23,2000,ENG-Premier League,2324,23,7,842,9.4,0,2,2,0,0,0,2,0,0.0,0.21,0.21,0.0,0.21,9.4,0,9,4,44.4,0.96,0.43,0.0,0.0,0,0,23,842.0,37.0,24.6,9.4,7,75.0,0,16,20.0,3,0.87,17.0,9.0,8.0,0.86,1.45,9.4,2,0,0,14,8,3,29,12,18,,,0
Myles Peart-Harris,Brentford,ENG,MF,20,2002,ENG-Premier League,2324,3,0,13,0.1,0,0,0,0,0,0,0,0,0.0,0.0,0.0,0.0,0.0,0.1,0,0,0,,0.0,0.0,,,0,0,3,13.0,4.0,0.4,0.1,0,,0,3,4.0,6,1.0,0.0,0.0,0.0,0.0,0.24,0.1,0,0,0,2,2,0,1,0,0,,,0
Nathan Collins,Brentford,IRL,DF,22,2001,ENG-Premier League,2324,32,29,2652,29.5,1,1,2,1,0,0,3,0,0.03,0.03,0.07,0.03,0.07,29.5,1,10,2,20.0,0.34,0.07,0.1,0.5,0,0,32,2652.0,83.0,77.5,29.5,29,90.0,28,3,18.0,1,1.13,47.0,51.0,-4.0,-0.14,0.45,29.5,3,0,0,13,23,3,4,43,20,,,0
Neal Maupay,Brentford,FRA,FW,26,1996,ENG-Premier League,2324,29,13,1321,14.7,6,3,9,6,0,0,8,0,0.41,0.2,0.61,0.41,0.61,14.7,6,37,16,43.2,2.52,1.09,0.16,0.38,0,0,29,1321.0,46.0,38.6,14.7,13,83.0,5,16,15.0,2,0.97,24.0,35.0,-11.0,-0.75,-0.84,14.7,8,0,0,19,26,4,8,2,7,,,0
Rico Henry,Brentford,JAM,DF,26,1997,ENG-Premier League,2324,5,5,401,4.5,0,1,1,0,0,0,1,0,0.0,0.22,0.22,0.0,0.22,4.5,0,2,0,0.0,0.45,0.0,0.0,,0,0,5,401.0,80.0,11.7,4.5,5,80.0,4,0,,0,1.2,8.0,5.0,3.0,0.67,1.03,4.5,1,0,0,4,6,2,11,5,5,,,0
Saman Ghoddos,Brentford,IRN,"DF,MF",29,1993,ENG-Premier League,2324,19,7,739,8.2,1,0,1,1,0,0,5,0,0.12,0.0,0.12,0.12,0.12,8.2,1,9,2,22.2,1.1,0.24,0.11,0.5,0,0,19,739.0,39.0,21.6,8.2,7,88.0,5,12,10.0,13,0.74,10.0,20.0,-10.0,-1.22,-1.25,8.2,5,0,0,12,9,2,43,5,21,,,0
Sergio Reguilón,Brentford,ESP,"MF,DF",26,1996,ENG-Premier League,2324,16,14,1118,12.4,0,4,4,0,0,0,4,1,0.0,0.32,0.32,0.0,0.32,12.4,0,13,2,15.4,1.05,0.16,0.0,0.0,0,0,16,1118.0,70.0,32.7,12.4,14,77.0,6,2,18.0,0,1.19,21.0,21.0,0.0,0.0,0.35,12.4,4,1,0,10,15,1,72,15,22,,,0
Shandon Baptiste,Brentford,GRN,MF,25,1998,ENG-Premier League,2324,10,2,229,2.5,1,1,2,1,0,0,1,0,0.39,0.39,0.79,0.39,0.79,2.5,1,2,2,100.0,0.79,0.79,0.5,0.5,0,0,10,229.0,23.0,6.7,2.5,2,66.0,0,8,12.0,11,1.0,3.0,5.0,-2.0,-0.79,-0.59,2.5,1,0,0,3,0,0,3,3,3,,,0
Vitaly Janelt,Brentford,GER,"MF,DF",25,1998,ENG-Premier League,2324,38,37,3054,33.9,1,3,4,1,0,0,8,0,0.03,0.09,0.12,0.03,0.12,33.9,1,21,7,33.3,0.62,0.21,0.05,0.14,0,0,38,3054.0,80.0,89.3,33.9,37,82.0,16,1,18.0,0,1.03,50.0,52.0,-2.0,-0.06,1.66,33.9,8,0,0,27,28,3,58,37,36,,,0
Yehor Yarmoliuk,Brentford,UKR,MF,19,2004,ENG-Premier League,2324,27,6,688,7.6,0,0,0,0,0,0,2,0,0.0,0.0,0.0,0.0,0.0,7.6,0,11,5,45.5,1.44,0.65,0.0,0.0,0,0,27,688.0,25.0,20.1,7.6,6,61.0,0,21,15.0,11,1.19,13.0,9.0,4.0,0.52,0.95,7.6,2,0,0,11,6,1,13,6,11,,,0
Yoane Wissa,Brentford,COD,FW,26,1996,ENG-Premier League,2324,34,29,2493,27.7,12,3,15,12,0,0,7,0,0.43,0.11,0.54,0.43,0.54,27.7,12,67,26,38.8,2.42,0.94,0.18,0.46,0,0,34,2493.0,73.0,72.9,27.7,29,81.0,9,5,30.0,0,0.97,40.0,40.0,0.0,0.0,0.87,27.7,7,0,0,38,50,19,21,9,14,,,0
Adam Lallana,Brighton,ENG,MF,35,1988,ENG-Premier League,2324,25,13,850,9.4,0,1,1,0,0,0,2,0,0.0,0.11,0.11,0.0,0.11,9.4,0,11,2,18.2,1.16,0.21,0.0,0.0,0,0,25,850.0,34.0,24.9,9.4,13,53.0,0,12,13.0,8,1.24,12.0,13.0,-1.0,-0.11,0.1,9.4,2,0,0,9,11,2,7,3,3,,,0
Adam Webster,Brighton,ENG,DF,28,1995,ENG-Premier League,2324,15,13,1144,12.7,0,0,0,0,0,0,2,0,0.0,0.0,0.0,0.0,0.0,12.7,0,8,1,12.5,0.63,0.08,0.0,0.0,0,0,15,1144.0,76.0,33.5,12.7,13,85.0,11,2,18.0,12,1.13,16.0,22.0,-6.0,-0.47,-0.43,12.7,2,0,0,9,2,0,1,16,12,,,1
Ansu Fati,Brighton,ESP,"MF,FW",20,2002,ENG-Premier League,2324,19,3,521,5.8,2,0,2,2,0,0,2,0,0.35,0.0,0.35,0.35,0.35,5.8,2,26,11,42.3,4.49,1.9,0.08,0.18,0,0,19,521.0,27.0,15.2,5.8,3,50.0,0,16,23.0,5,1.26,12.0,12.0,0.0,0.0,0.22,5.8,2,0,0,6,13,2,3,2,3,,,0
Benicio Boaitey,Brighton,ENG,FW,19,2004,ENG-Premier League,2324,5,0,40,0.4,0,0,0,0,0,0,1,0,0.0,0.0,0.0,0.0,0.0,0.4,0,1,0,0.0,2.25,0.0,0.0,,0,0,5,40.0,8.0,1.2,0.4,0,,0,5,8.0,9,1.0,1.0,1.0,0.0,0.0,0.19,0.4,1,0,0,2,0,1,0,0,0,,,0
Billy Gilmour,Brighton,SCO,MF,22,2001,ENG-Premier League,2324,30,24,2120,23.6,0,1,1,0,0,0,8,1,0.0,0.04,0.04,0.0,0.04,23.6,0,25,5,20.0,1.06,0.21,0.0,0.0,0,0,30,2120.0,71.0,62.0,23.6,24,83.0,13,6,22.0,1,1.4,40.0,37.0,3.0,0.13,0.82,23.6,8,1,0,22,30,0,33,10,18,,,0
Carlos Baleba,Brighton,CMR,MF,19,2004,ENG-Premier League,2324,27,15,1325,14.7,0,0,0,0,0,0,7,0,0.0,0.0,0.0,0.0,0.0,14.7,0,21,5,23.8,1.43,0.34,0.0,0.0,0,0,27,1325.0,49.0,38.7,14.7,15,78.0,7,12,13.0,7,1.07,14.0,28.0,-14.0,-0.95,-1.25,14.7,7,0,0,40,27,0,0,18,21,,,0
Danny Welbeck,Brighton,ENG,"FW,MF",32,1990,ENG-Premier League,2324,29,21,1693,18.8,5,1,6,5,0,0,4,0,0.27,0.05,0.32,0.27,0.32,18.8,5,41,16,39.0,2.18,0.85,0.12,0.31,0,0,29,1693.0,58.0,49.5,18.8,21,70.0,4,8,28.0,1,1.21,25.0,28.0,-3.0,-0.16,0.05,18.8,4,0,0,12,21,9,3,8,18,,,0
Evan Ferguson,Brighton,IRL,FW,18,2004,ENG-Premier League,2324,27,15,1367,15.2,6,0,6,6,0,0,1,0,0.4,0.0,0.4,0.4,0.4,15.2,6,33,20,60.6,2.17,1.32,0.18,0.3,0,0,27,1367.0,51.0,40.0,15.2,15,71.0,4,12,25.0,1,1.48,25.0,28.0,-3.0,-0.2,-0.02,15.2,1,0,0,23,25,5,1,2,7,,,0
Facundo Buonanotte,Brighton,ARG,"MF,FW",18,2004,ENG-Premier League,2324,27,17,1364,15.2,3,1,4,3,0,0,7,0,0.2,0.07,0.26,0.2,0.26,15.2,3,21,9,42.9,1.39,0.59,0.14,0.33,0,0,27,1364.0,51.0,39.9,15.2,17,65.0,1,10,25.0,6,1.19,19.0,20.0,-1.0,-0.07,0.2,15.2,7,0,0,34,41,3,6,7,22,,,0
Igor,Brighton,BRA,DF,25,1998,ENG-Premier League,2324,24,17,1637,18.2,0,0,0,0,0,0,4,0,0.0,0.0,0.0,0.0,0.0,18.2,0,5,0,0.0,0.27,0.0,0.0,,0,0,24,1637.0,68.0,47.9,18.2,17,82.0,11,7,34.0,10,1.17,22.0,26.0,-4.0,-0.22,-0.07,18.2,4,0,0,21,4,0,1,14,18,,,0
Jack Hinshelwood,Brighton,ENG,"DF,MF",18,2005,ENG-Premier League,2324,12,8,869,9.7,3,0,3,3,0,0,1,0,0.31,0.0,0.31,0.31,0.31,9.7,3,14,8,57.1,1.45,0.83,0.21,0.38,0,0,12,869.0,72.0,25.4,9.7,8,81.0,3,4,56.0,4,1.33,15.0,17.0,-2.0,-0.21,-0.03,9.7,1,0,0,11,3,1,10,14,5,,,0
Jakub Moder,Brighton,POL,"MF,DF",24,1999,ENG-Premier League,2324,17,6,618,6.9,0,0,0,0,0,0,2,0,0.0,0.0,0.0,0.0,0.0,6.9,0,11,3,27.3,1.6,0.44,0.0,0.0,0,0,17,618.0,36.0,18.1,6.9,6,73.0,1,11,16.0,10,1.35,6.0,13.0,-7.0,-1.02,-1.02,6.9,2,0,0,8,5,2,6,1,10,,,0
James Milner,Brighton,ENG,"DF,MF",37,1986,ENG-Premier League,2324,15,11,773,8.6,0,2,2,0,0,0,3,0,0.0,0.23,0.23,0.0,0.23,8.6,0,5,1,20.0,0.58,0.12,0.0,0.0,0,0,15,773.0,52.0,22.6,8.6,11,63.0,1,4,20.0,2,1.47,10.0,12.0,-2.0,-0.23,-0.06,8.6,3,0,0,11,4,3,29,8,14,,,0
Jan Paul van Hecke,Brighton,NED,DF,23,2000,ENG-Premier League,2324,28,26,2369,26.3,0,0,0,0,0,0,4,0,0.0,0.0,0.0,0.0,0.0,26.3,0,15,6,40.0,0.57,0.23,0.0,0.0,0,0,28,2369.0,85.0,69.3,26.3,26,90.0,26,2,15.0,4,1.32,40.0,38.0,2.0,0.08,0.85,26.3,4,0,0,14,17,0,4,30,25,,,0
João Pedro,Brighton,BRA,"MF,FW",21,2001,ENG-Premier League,2324,31,19,2045,22.7,9,3,12,5,4,5,2,0,0.4,0.13,0.53,0.22,0.35,22.7,9,75,26,34.7,3.3,1.14,0.07,0.19,4,5,31,2045.0,66.0,59.8,22.7,19,85.0,9,12,36.0,0,1.29,32.0,38.0,-6.0,-0.26,-0.2,22.7,2,0,0,19,60,11,29,10,15,,,0
Joël Veltman,Brighton,NED,DF,31,1992,ENG-Premier League,2324,27,17,1588,17.6,1,1,2,1,0,0,4,0,0.06,0.06,0.11,0.06,0.11,17.6,1,6,3,50.0,0.34,0.17,0.17,0.33,0,0,27,1588.0,59.0,46.4,17.6,17,80.0,13,10,22.0,2,1.3,28.0,32.0,-4.0,-0.23,-0.08,17.6,4,0,0,16,42,1,11,18,41,,,0
Julio Enciso,Brighton,PAR,MF,19,2004,ENG-Premier League,2324,12,5,475,5.3,0,2,2,0,0,0,2,0,0.0,0.38,0.38,0.0,0.38,5.3,0,28,8,28.6,5.31,1.52,0.0,0.0,0,0,12,475.0,40.0,13.9,5.3,5,65.0,0,7,22.0,1,1.25,8.0,11.0,-3.0,-0.57,-0.45,5.3,2,0,0,6,10,1,8,0,2,,,0
Kaoru Mitoma,Brighton,JPN,"MF,FW",26,1997,ENG-Premier League,2324,19,15,1486,16.5,3,4,7,3,0,0,4,0,0.18,0.24,0.42,0.18,0.42,16.5,3,34,15,44.1,2.06,0.91,0.09,0.2,0,0,19,1486.0,78.0,43.5,16.5,15,88.0,12,4,42.0,0,1.42,31.0,27.0,4.0,0.24,0.75,16.5,4,0,0,14,23,7,45,5,5,,,0
Lewis Dunk,Brighton,ENG,DF,31,1991,ENG-Premier League,2324,33,33,2869,31.9,3,1,4,3,0,0,7,1,0.09,0.03,0.13,0.09,0.13,31.9,3,33,12,36.4,1.04,0.38,0.09,0.25,0,0,33,2869.0,87.0,83.9,31.9,33,87.0,29,0,,0,1.3,49.0,52.0,-3.0,-0.09,0.56,31.9,7,1,0,23,12,1,7,31,16,,,0
Mahmoud Dahoud,Brighton,GER,MF,27,1996,ENG-Premier League,2324,9,6,452,5.0,0,1,1,0,0,0,1,1,0.0,0.2,0.2,0.0,0.2,5.0,0,6,1,16.7,1.19,0.2,0.0,0.0,0,0,9,452.0,50.0,13.2,5.0,6,68.0,0,3,16.0,8,2.11,10.0,5.0,5.0,1.0,1.36,5.0,1,1,0,6,2,0,3,1,4,,,0
Mark O'Mahony,Brighton,IRL,FW,18,2005,ENG-Premier League,2324,3,1,63,0.7,0,0,0,0,0,0,1,0,0.0,0.0,0.0,0.0,0.0,0.7,0,1,0,0.0,1.43,0.0,0.0,,0,0,3,63.0,21.0,1.8,0.7,1,45.0,0,2,9.0,8,0.33,0.0,1.0,-1.0,-1.43,-1.27,0.7,1,0,0,1,0,0,0,0,0,,,0
Odeluga Offiah,Brighton,ENG,DF,20,2002,ENG-Premier League,2324,4,1,128,1.4,0,0,0,0,0,0,0,0,0.0,0.0,0.0,0.0,0.0,1.4,0,0,0,,0.0,0.0,,,0,0,4,128.0,32.0,3.7,1.4,1,73.0,0,3,18.0,4,0.25,1.0,3.0,-2.0,-1.41,-1.27,1.4,0,0,0,2,2,0,3,1,0,,,0
Pascal Groß,Brighton,GER,"MF,DF",32,1991,ENG-Premier League,2324,36,34,3114,34.6,4,10,14,3,1,1,6,0,0.12,0.29,0.4,0.09,0.38,34.6,4,55,20,36.4,1.59,0.58,0.05,0.15,1,1,36,3114.0,87.0,91.1,34.6,34,90.0,32,2,33.0,0,1.25,50.0,50.0,0.0,0.0,2.06,34.6,6,0,0,23,27,3,240,21,46,,,0
Pervis Estupiñán,Brighton,ECU,"DF,MF",25,1998,ENG-Premier League,2324,19,15,1243,13.8,2,3,5,2,0,0,4,0,0.14,0.22,0.36,0.14,0.36,13.8,2,11,6,54.5,0.8,0.43,0.18,0.33,0,0,19,1243.0,65.0,36.3,13.8,15,76.0,9,4,24.0,1,1.47,23.0,26.0,-3.0,-0.22,-0.05,13.8,4,0,0,22,17,5,65,20,13,,,1
Simon Adingra,Brighton,CIV,MF,21,2002,ENG-Premier League,2324,31,25,2222,24.7,6,1,7,6,0,0,3,0,0.24,0.04,0.28,0.24,0.28,24.7,6,52,22,42.3,2.11,0.89,0.12,0.27,0,0,31,2222.0,72.0,65.0,24.7,25,83.0,10,6,26.0,1,1.19,34.0,38.0,-4.0,-0.16,0.06,24.7,3,0,0,29,19,18,76,21,20,,,0
Solly March,Brighton,ENG,"MF,DF",29,1994,ENG-Premier League,2324,7,7,554,6.2,3,1,4,3,0,0,1,0,0.49,0.16,0.65,0.49,0.65,6.2,3,14,6,42.9,2.27,0.97,0.21,0.5,0,0,7,554.0,79.0,16.2,6.2,7,79.0,2,0,,1,1.43,13.0,11.0,2.0,0.32,0.61,6.2,1,0,0,11,8,7,21,11,13,,,0
Tariq Lamptey,Brighton,GHA,"DF,MF",22,2000,ENG-Premier League,2324,19,10,914,10.2,0,3,3,0,0,0,3,0,0.0,0.3,0.3,0.0,0.3,10.2,0,6,0,0.0,0.59,0.0,0.0,,0,0,19,914.0,48.0,26.7,10.2,10,67.0,1,9,27.0,0,1.32,12.0,20.0,-8.0,-0.79,-0.82,10.2,3,0,0,11,18,3,32,5,14,,,0
Valentín Barco,Brighton,ARG,DF,19,2004,ENG-Premier League,2324,6,3,307,3.4,0,0,0,0,0,0,1,0,0.0,0.0,0.0,0.0,0.0,3.4,0,4,2,50.0,1.17,0.59,0.0,0.0,0,0,6,307.0,51.0,9.0,3.4,3,87.0,2,3,16.0,4,0.5,1.0,9.0,-8.0,-2.35,-2.37,3.4,1,0,0,7,7,0,30,4,5,,,0
Aaron Ramsey,Burnley,ENG,MF,20,2003,ENG-Premier League,2324,14,5,527,5.9,0,0,0,0,0,0,1,0,0.0,0.0,0.0,0.0,0.0,5.9,0,6,2,33.3,1.02,0.34,0.0,0.0,0,0,14,527.0,38.0,15.4,5.9,5,68.0,0,9,21.0,3,0.36,4.0,17.0,-13.0,-2.22,-1.47,5.9,1,0,0,7,3,1,2,1,14,,,0
Ameen Al-Dakhil,Burnley,BEL,DF,21,2002,ENG-Premier League,2324,13,12,1056,11.7,1,0,1,1,0,0,1,0,0.09,0.0,0.09,0.09,0.09,11.7,1,8,3,37.5,0.68,0.26,0.13,0.33,0,0,13,1056.0,81.0,30.9,11.7,12,86.0,11,1,21.0,2,0.38,10.0,26.0,-16.0,-1.36,-0.56,11.7,1,0,0,6,4,0,3,11,5,,,1
Anass Zaroury,Burnley,MAR,FW,22,2000,ENG-Premier League,2324,6,1,152,1.7,0,0,0,0,0,0,0,1,0.0,0.0,0.0,0.0,0.0,1.7,0,3,1,33.3,1.78,0.59,0.0,0.0,0,0,6,152.0,25.0,4.4,1.7,1,67.0,0,5,17.0,7,0.17,2.0,4.0,-2.0,-1.18,-0.22,1.7,0,1,0,4,3,0,11,0,0,,,0
Benson Manuel,Burnley,ANG,MF,26,1997,ENG-Premier League,2324,8,1,116,1.3,0,0,0,0,0,0,0,0,0.0,0.0,0.0,0.0,0.0,1.3,0,4,2,50.0,3.1,1.55,0.0,0.0,0,0,8,116.0,15.0,3.4,1.3,1,45.0,0,7,10.0,13,0.13,0.0,5.0,-5.0,-3.88,-3.01,1.3,0,0,0,1,4,0,9,0,2,,,0
Charlie Taylor,Burnley,ENG,DF,29,1993,ENG-Premier League,2324,28,25,2331,25.9,1,1,2,1,0,0,8,0,0.04,0.04,0.08,0.04,0.08,25.9,1,10,1,10.0,0.39,0.04,0.1,1.0,0,0,28,2331.0,83.0,68.2,25.9,25,88.0,22,3,40.0,2,0.75,31.0,46.0,-15.0,-0.58,1.24,25.9,8,0,0,20,16,2,71,21,20,,,0
Connor Roberts,Burnley,WAL,DF,27,1995,ENG-Premier League,2324,14,8,823,9.1,0,1,1,0,0,0,5,1,0.0,0.11,0.11,0.0,0.11,9.1,0,0,0,,0.0,0.0,,,0,0,14,823.0,59.0,24.1,9.1,8,88.0,6,6,20.0,5,0.64,7.0,22.0,-15.0,-1.64,-0.88,9.1,5,1,1,5,9,3,10,4,5,,,0
Dara O'Shea,Burnley,IRL,DF,24,1999,ENG-Premier League,2324,33,32,2892,32.1,3,4,7,3,0,0,5,1,0.09,0.12,0.22,0.09,0.22,32.1,3,19,5,26.3,0.59,0.16,0.16,0.6,0,0,33,2892.0,88.0,84.6,32.1,32,89.0,29,1,45.0,1,0.58,36.0,71.0,-35.0,-1.09,-0.75,32.1,5,1,0,36,15,1,11,33,18,,,1
David Datro Fofana,Burnley,CIV,FW,20,2002,ENG-Premier League,2324,15,10,879,9.8,4,1,5,4,0,0,1,0,0.41,0.1,0.51,0.41,0.51,9.8,4,19,10,52.6,1.95,1.02,0.21,0.4,0,0,15,879.0,59.0,25.7,9.8,10,80.0,5,5,15.0,1,0.73,10.0,18.0,-8.0,-0.82,0.21,9.8,1,0,0,16,10,10,3,1,5,,,0
Han-Noah Massengo,Burnley,FRA,MF,22,2001,ENG-Premier League,2324,3,0,16,0.2,0,0,0,0,0,0,0,0,0.0,0.0,0.0,0.0,0.0,0.2,0,0,0,,0.0,0.0,,,0,0,3,16.0,5.0,0.5,0.2,0,,0,3,5.0,5,0.33,2.0,0.0,2.0,11.25,12.28,0.2,0,0,0,0,0,0,2,0,1,,,0
Hannes Delcroix,Burnley,HAI,DF,24,1999,ENG-Premier League,2324,12,5,589,6.5,0,0,0,0,0,0,2,0,0.0,0.0,0.0,0.0,0.0,6.5,0,4,2,50.0,0.61,0.31,0.0,0.0,0,0,12,589.0,49.0,17.2,6.5,5,86.0,4,7,23.0,10,0.67,6.0,25.0,-19.0,-2.9,-2.33,6.5,2,0,0,6,0,0,5,12,6,,,0
Hjalmar Ekdal,Burnley,SWE,DF,24,1998,ENG-Premier League,2324,8,5,437,4.9,0,0,0,0,0,0,2,0,0.0,0.0,0.0,0.0,0.0,4.9,0,2,1,50.0,0.41,0.21,0.0,0.0,0,0,8,437.0,55.0,12.8,4.9,5,75.0,0,3,21.0,12,0.88,2.0,7.0,-5.0,-1.03,-0.06,4.9,2,0,0,8,2,0,0,6,2,,,0
Jack Cork,Burnley,ENG,"DF,MF",34,1989,ENG-Premier League,2324,4,0,27,0.3,0,0,0,0,0,0,0,0,0.0,0.0,0.0,0.0,0.0,0.3,0,0,0,,0.0,0.0,,,0,0,4,27.0,7.0,0.8,0.3,0,,0,4,7.0,18,0.25,1.0,0.0,1.0,3.33,4.34,0.3,0,0,0,4,1,0,1,1,0,,,0
Jacob Bruun Larsen,Burnley,DEN,MF,24,1998,ENG-Premier League,2324,32,16,1249,13.9,6,0,6,5,1,1,1,0,0.43,0.0,0.43,0.36,0.36,13.9,6,44,16,36.4,3.17,1.15,0.11,0.31,1,1,32,1249.0,39.0,36.5,13.9,16,64.0,0,16,14.0,5,0.69,15.0,24.0,-9.0,-0.65,0.51,13.9,1,0,0,12,7,11,61,8,4,,,0
Jay Rodriguez,Burnley,ENG,FW,34,1989,ENG-Premier League,2324,21,7,822,9.1,2,1,3,1,1,1,0,0,0.22,0.11,0.33,0.11,0.22,9.1,2,22,8,36.4,2.41,0.88,0.05,0.13,1,1,21,822.0,39.0,24.0,9.1,7,80.0,4,14,19.0,14,0.62,11.0,18.0,-7.0,-0.77,0.27,9.1,0,0,0,18,6,7,2,1,9,,,0
Jordan Beyer,Burnley,GER,DF,23,2000,ENG-Premier League,2324,15,15,1234,13.7,0,1,1,0,0,0,6,0,0.0,0.07,0.07,0.0,0.07,13.7,0,5,0,0.0,0.36,0.0,0.0,,0,0,15,1234.0,82.0,36.1,13.7,15,82.0,10,0,,0,0.73,14.0,23.0,-9.0,-0.66,0.5,13.7,6,0,0,11,6,0,0,17,19,,,0
Josh Brownhill,Burnley,ENG,MF,27,1995,ENG-Premier League,2324,33,23,2252,25.0,4,2,6,4,0,0,4,1,0.16,0.08,0.24,0.16,0.24,25.0,4,28,11,39.3,1.12,0.44,0.14,0.36,0,0,33,2252.0,68.0,65.8,25.0,23,87.0,18,10,26.0,4,0.67,27.0,52.0,-25.0,-1.0,-0.07,25.0,4,1,0,38,25,2,57,33,35,,,0
Josh Cullen,Burnley,IRL,MF,27,1996,ENG-Premier League,2324,25,23,2057,22.9,2,3,5,2,0,0,9,0,0.09,0.13,0.22,0.09,0.22,22.9,2,16,5,31.3,0.7,0.22,0.13,0.4,0,0,25,2057.0,82.0,60.1,22.9,23,87.0,18,2,30.0,8,0.64,25.0,48.0,-23.0,-1.01,-0.08,22.9,9,0,0,24,49,1,26,14,26,,,0
Jóhann Berg Guðmundsson,Burnley,ISL,MF,32,1990,ENG-Premier League,2324,26,12,1192,13.2,1,3,4,1,0,0,2,0,0.08,0.23,0.3,0.08,0.3,13.2,1,15,6,40.0,1.13,0.45,0.07,0.17,0,0,26,1192.0,46.0,34.9,13.2,12,68.0,1,14,27.0,5,0.5,20.0,25.0,-5.0,-0.38,0.92,13.2,2,0,0,9,20,2,70,15,4,,,0
Lorenz Assignon,Burnley,TOG,DF,23,2000,ENG-Premier League,2324,15,15,1234,13.7,1,2,3,1,0,0,5,1,0.07,0.15,0.22,0.07,0.22,13.7,1,9,4,44.4,0.66,0.29,0.11,0.25,0,0,15,1234.0,82.0,36.1,13.7,15,82.0,10,0,,0,0.73,14.0,30.0,-16.0,-1.17,-0.3,13.7,5,1,1,33,16,2,28,17,17,,,0
Luca Koleosho,Burnley,ITA,"MF,FW",18,2004,ENG-Premier League,2324,15,13,974,10.8,1,1,2,1,0,0,0,0,0.09,0.09,0.18,0.09,0.18,10.8,1,23,5,21.7,2.13,0.46,0.04,0.2,0,0,15,974.0,65.0,28.5,10.8,13,69.0,0,2,38.0,0,0.47,11.0,23.0,-12.0,-1.11,-0.19,10.8,0,0,0,18,13,8,23,2,5,,,0
Lyle Foster,Burnley,RSA,"FW,MF",22,2000,ENG-Premier League,2324,24,22,1899,21.1,5,3,8,5,0,0,0,1,0.24,0.14,0.38,0.24,0.38,21.1,5,34,17,50.0,1.61,0.81,0.15,0.29,0,0,24,1899.0,79.0,55.5,21.1,22,84.0,10,2,24.0,0,0.79,22.0,43.0,-21.0,-1.0,-0.05,21.1,0,1,0,24,11,13,3,1,10,,,0
Maxime Estève,Burnley,FRA,DF,21,2002,ENG-Premier League,2324,16,15,1309,14.5,0,0,0,0,0,0,6,0,0.0,0.0,0.0,0.0,0.0,14.5,0,7,0,0.0,0.48,0.0,0.0,,0,0,16,1309.0,82.0,38.3,14.5,15,84.0,12,1,45.0,0,0.75,18.0,28.0,-10.0,-0.69,0.46,14.5,6,0,0,25,16,0,5,28,11,,,0
Michael Obafemi,Burnley,IRL,FW,23,2000,ENG-Premier League,2324,2,0,20,0.2,0,0,0,0,0,0,0,0,0.0,0.0,0.0,0.0,0.0,0.2,0,2,0,0.0,9.0,0.0,0.0,,0,0,2,20.0,10.0,0.6,0.2,0,,0,2,10.0,4,1.5,1.0,0.0,1.0,4.5,5.51,0.2,0,0,0,0,0,0,0,0,0,,,0
Mike Trésor,Burnley,BEL,"MF,FW",24,1999,ENG-Premier League,2324,16,3,420,4.7,0,0,0,0,0,0,0,0,0.0,0.0,0.0,0.0,0.0,4.7,0,5,0,0.0,1.07,0.0,0.0,,0,0,16,420.0,26.0,12.3,4.7,3,62.0,0,13,18.0,9,0.63,4.0,10.0,-6.0,-1.29,-0.36,4.7,0,0,0,0,3,2,31,1,6,,,0
Nathan Redmond,Burnley,ENG,"FW,MF",29,1994,ENG-Premier League,2324,12,0,142,1.6,0,0,0,0,0,0,1,0,0.0,0.0,0.0,0.0,0.0,1.6,0,0,0,,0.0,0.0,,,0,0,12,142.0,12.0,4.2,1.6,0,,0,12,12.0,3,0.58,2.0,5.0,-3.0,-1.9,-0.97,1.6,1,0,0,4,2,2,3,0,1,,,0
Sander Berge,Burnley,NOR,MF,25,1998,ENG-Premier League,2324,37,34,3005,33.4,1,2,3,1,0,0,10,1,0.03,0.06,0.09,0.03,0.09,33.4,1,25,3,12.0,0.75,0.09,0.04,0.33,0,0,37,3005.0,81.0,87.9,33.4,34,86.0,28,3,26.0,0,0.62,36.0,69.0,-33.0,-0.99,-0.12,33.4,10,1,1,40,19,1,12,24,47,,,0
Vitinho,Burnley,BRA,"DF,MF",24,1999,ENG-Premier League,2324,32,26,2314,25.7,0,2,2,0,0,0,1,0,0.0,0.08,0.08,0.0,0.08,25.7,0,25,4,16.0,0.97,0.16,0.0,0.0,0,0,32,2314.0,72.0,67.7,25.7,26,85.0,16,6,20.0,2,0.63,31.0,43.0,-12.0,-0.47,1.57,25.7,1,0,0,27,28,6,55,9,34,,,0
Wilson Odobert,Burnley,FRA,"MF,FW",18,2004,ENG-Premier League,2324,29,25,2098,23.3,3,2,5,3,0,0,3,0,0.13,0.09,0.21,0.13,0.21,23.3,3,49,14,28.6,2.1,0.6,0.06,0.21,0,0,29,2098.0,72.0,61.3,23.3,25,82.0,11,4,10.0,4,0.59,25.0,48.0,-23.0,-0.99,-0.03,23.3,3,0,0,9,19,1,35,6,13,,,0
Zeki Amdouni,Burnley,SUI,FW,22,2000,ENG-Premier League,2324,34,27,1953,21.7,5,1,6,4,1,1,2,0,0.23,0.05,0.28,0.18,0.23,21.7,5,49,22,44.9,2.26,1.01,0.08,0.18,1,1,34,1953.0,57.0,57.1,21.7,27,69.0,2,7,14.0,4,0.62,20.0,41.0,-21.0,-0.97,0.01,21.7,2,0,0,22,39,2,7,10,19,,,0
Alex Matos,Chelsea,ENG,MF,18,2004,ENG-Premier League,2324,1,0,1,0.0,0,0,0,0,0,0,0,0,0.0,0.0,0.0,0.0,0.0,0.0,0,0,0,,0.0,0.0,,,0,0,1,1.0,1.0,0.0,0.0,0,,0,1,1.0,12,3.0,0.0,0.0,0.0,0.0,-0.37,0.0,0,0,0,0,0,0,0,0,0,,,0
Alfie Gilchrist,Chelsea,ENG,DF,19,2003,ENG-Premier League,2324,11,2,207,2.3,1,0,1,1,0,0,1,0,0.43,0.0,0.43,0.43,0.43,2.3,1,5,1,20.0,2.17,0.43,0.2,1.0,0,0,11,207.0,19.0,6.1,2.3,2,81.0,0,9,5.0,14,2.27,8.0,6.0,2.0,0.87,0.53,2.3,1,0,0,4,0,0,1,3,0,,,0
Armando Broja,Chelsea,ALB,FW,21,2001,ENG-Premier League,2324,13,6,454,5.0,1,0,1,1,0,0,0,0,0.2,0.0,0.2,0.2,0.2,5.0,1,13,2,15.4,2.58,0.4,0.08,0.5,0,0,13,454.0,35.0,13.3,5.0,6,60.0,0,7,14.0,1,1.69,8.0,5.0,3.0,0.59,0.26,5.0,0,0,0,4,8,6,1,0,0,,,0
Axel Disasi,Chelsea,FRA,DF,25,1998,ENG-Premier League,2324,31,29,2579,28.7,2,0,2,2,0,0,6,0,0.07,0.0,0.07,0.07,0.07,28.7,2,16,4,25.0,0.56,0.14,0.13,0.5,0,0,31,2579.0,83.0,75.4,28.7,29,89.0,27,2,5.0,4,1.52,50.0,50.0,0.0,0.0,-1.5,28.7,6,0,0,17,17,4,10,17,19,,,1
Ben Chilwell,Chelsea,ENG,"MF,DF",26,1996,ENG-Premier League,2324,13,9,756,8.4,0,1,1,0,0,0,5,0,0.0,0.12,0.12,0.0,0.12,8.4,0,12,4,33.3,1.43,0.48,0.0,0.0,0,0,13,756.0,58.0,22.1,8.4,9,77.0,3,4,17.0,1,1.23,13.0,14.0,-1.0,-0.12,-0.63,8.4,5,0,0,11,12,4,43,4,10,,,0
Benoît Badiashile,Chelsea,FRA,DF,22,2001,ENG-Premier League,2324,18,15,1338,14.9,0,1,1,0,0,0,3,0,0.0,0.07,0.07,0.0,0.07,14.9,0,6,1,16.7,0.4,0.07,0.0,0.0,0,0,18,1338.0,74.0,39.1,14.9,15,88.0,13,3,7.0,7,1.67,31.0,30.0,1.0,0.07,-0.49,14.9,3,0,0,17,6,1,2,18,15,,,1
Carney Chukwuemeka,Chelsea,AUT,MF,19,2003,ENG-Premier League,2324,9,2,227,2.5,1,1,2,1,0,0,2,0,0.4,0.4,0.79,0.4,0.79,2.5,1,3,2,66.7,1.19,0.79,0.33,0.5,0,0,9,227.0,25.0,6.6,2.5,2,63.0,0,7,15.0,4,1.56,7.0,5.0,2.0,0.79,0.45,2.5,2,0,0,3,2,0,1,0,4,,,0
Cesare Casadei,Chelsea,ITA,MF,20,2003,ENG-Premier League,2324,11,0,79,0.9,0,0,0,0,0,0,0,0,0.0,0.0,0.0,0.0,0.0,0.9,0,0,0,,0.0,0.0,,,0,0,11,79.0,7.0,2.3,0.9,0,,0,11,7.0,6,1.91,2.0,2.0,0.0,0.0,-0.38,0.9,0,0,0,4,1,0,0,0,3,,,0
Christopher Nkunku,Chelsea,FRA,"MF,FW",25,1997,ENG-Premier League,2324,11,2,443,4.9,3,0,3,3,0,0,0,0,0.61,0.0,0.61,0.61,0.61,4.9,3,16,9,56.3,3.25,1.83,0.19,0.33,0,0,11,443.0,40.0,13.0,4.9,2,71.0,0,9,34.0,1,2.0,12.0,12.0,0.0,0.0,-0.42,4.9,0,0,0,8,7,3,4,2,4,,,0
Cole Palmer,Chelsea,ENG,"MF,FW",21,2002,ENG-Premier League,2324,33,29,2607,29.0,22,11,33,13,9,9,7,0,0.76,0.38,1.14,0.45,0.83,29.0,22,108,46,42.6,3.73,1.59,0.12,0.28,9,9,33,2607.0,79.0,76.2,29.0,29,86.0,14,4,26.0,0,1.7,66.0,46.0,20.0,0.69,1.35,29.0,7,0,0,23,26,6,81,19,12,,,0
Conor Gallagher,Chelsea,ENG,MF,23,2000,ENG-Premier League,2324,37,37,3128,34.8,5,7,12,5,0,0,9,1,0.14,0.2,0.35,0.14,0.35,34.8,5,48,18,37.5,1.38,0.52,0.1,0.28,0,0,37,3128.0,85.0,91.5,34.8,37,85.0,28,0,,0,1.7,69.0,54.0,15.0,0.43,0.74,34.8,9,1,1,83,64,1,64,40,49,,,0
Deivid Washington,Chelsea,BRA,FW,18,2005,ENG-Premier League,2324,2,0,13,0.1,0,0,0,0,0,0,0,0,0.0,0.0,0.0,0.0,0.0,0.1,0,1,0,0.0,6.92,0.0,0.0,,0,0,2,13.0,7.0,0.4,0.1,0,,0,2,7.0,17,1.5,1.0,1.0,0.0,0.0,-0.37,0.1,0,0,0,0,0,0,0,0,1,,,0
Enzo Fernández,Chelsea,ARG,MF,22,2001,ENG-Premier League,2324,28,26,2209,24.5,3,2,5,2,1,2,7,0,0.12,0.08,0.2,0.08,0.16,24.5,3,47,16,34.0,1.91,0.65,0.04,0.13,1,2,28,2209.0,79.0,64.6,24.5,26,84.0,18,2,16.0,0,1.46,41.0,47.0,-6.0,-0.24,-1.73,24.5,7,0,0,32,31,4,45,17,24,,,0
Ian Maatsen,Chelsea,NED,MF,21,2002,ENG-Premier League,2324,12,1,209,2.3,0,0,0,0,0,0,1,0,0.0,0.0,0.0,0.0,0.0,2.3,0,5,1,20.0,2.15,0.43,0.0,0.0,0,0,12,209.0,17.0,6.1,2.3,1,57.0,0,11,14.0,8,1.67,2.0,5.0,-3.0,-1.29,-1.77,2.3,1,0,0,5,1,0,8,3,2,,,0
Jimi Tauriainen,Chelsea,ENG,FW,19,2004,ENG-Premier League,2324,1,0,1,0.0,0,0,0,0,0,0,0,0,0.0,0.0,0.0,0.0,0.0,0.0,0,0,0,,0.0,0.0,,,0,0,1,1.0,1.0,0.0,0.0,0,,0,1,1.0,4,3.0,0.0,0.0,0.0,0.0,-0.37,0.0,0,0,0,0,0,0,0,0,0,,,0
Joshua Acheampong,Chelsea,ENG,DF,17,2006,ENG-Premier League,2324,1,0,6,0.1,0,0,0,0,0,0,0,0,0.0,0.0,0.0,0.0,0.0,0.1,0,0,0,,0.0,0.0,,,0,0,1,6.0,6.0,0.2,0.1,0,,0,1,6.0,3,3.0,0.0,0.0,0.0,0.0,-0.37,0.1,0,0,0,0,0,0,0,0,0,,,0
Lesley Ugochukwu,Chelsea,FRA,MF,19,2004,ENG-Premier League,2324,12,3,301,3.3,0,0,0,0,0,0,2,0,0.0,0.0,0.0,0.0,0.0,3.3,0,0,0,,0.0,0.0,,,0,0,12,301.0,25.0,8.8,3.3,3,72.0,1,9,9.0,5,1.5,3.0,6.0,-3.0,-0.9,-1.39,3.3,2,0,0,4,2,0,0,1,10,,,0
Levi Colwill,Chelsea,ENG,DF,20,2003,ENG-Premier League,2324,23,20,1797,20.0,1,1,2,1,0,0,2,0,0.05,0.05,0.1,0.05,0.1,20.0,1,11,3,27.3,0.55,0.15,0.09,0.33,0,0,23,1797.0,78.0,52.5,20.0,20,84.0,15,3,37.0,4,1.52,29.0,26.0,3.0,0.15,-0.46,20.0,2,0,0,25,14,4,12,25,33,,,0
Malo Gusto,Chelsea,FRA,"DF,MF",20,2003,ENG-Premier League,2324,27,19,1751,19.5,0,6,6,0,0,0,7,1,0.0,0.31,0.31,0.0,0.31,19.5,0,15,5,33.3,0.77,0.26,0.0,0.0,0,0,27,1751.0,65.0,51.2,19.5,19,83.0,8,8,21.0,1,1.81,38.0,27.0,11.0,0.57,0.4,19.5,7,1,0,22,29,6,64,17,29,,,0
Marc Cucurella,Chelsea,ESP,DF,25,1998,ENG-Premier League,2324,21,20,1782,19.8,0,2,2,0,0,0,10,0,0.0,0.1,0.1,0.0,0.1,19.8,0,8,4,50.0,0.4,0.2,0.0,0.0,0,0,21,1782.0,85.0,52.1,19.8,20,87.0,16,1,45.0,6,1.81,50.0,33.0,17.0,0.86,1.02,19.8,10,0,0,23,35,1,17,21,39,,,1
Mason Burstow,Chelsea,ENG,FW,19,2003,ENG-Premier League,2324,2,0,9,0.1,0,0,0,0,0,0,0,0,0.0,0.0,0.0,0.0,0.0,0.1,0,0,0,,0.0,0.0,,,0,0,2,9.0,5.0,0.3,0.1,0,,0,2,5.0,1,1.5,0.0,1.0,-1.0,-10.0,-10.4,0.1,0,0,0,0,0,0,0,0,0,,,0
Moisés Caicedo,Chelsea,ECU,MF,21,2001,ENG-Premier League,2324,35,33,2866,31.8,1,3,4,1,0,0,11,0,0.03,0.09,0.13,0.03,0.13,31.8,1,13,4,30.8,0.41,0.13,0.08,0.25,0,0,35,2866.0,82.0,83.8,31.8,33,85.0,23,2,26.0,0,1.74,67.0,51.0,16.0,0.5,0.83,31.8,11,0,0,49,49,0,10,34,46,,,0
Mykhailo Mudryk,Chelsea,UKR,MF,22,2001,ENG-Premier League,2324,31,18,1576,17.5,5,2,7,5,0,0,5,0,0.29,0.11,0.4,0.29,0.4,17.5,5,35,12,34.3,2.0,0.69,0.14,0.42,0,0,31,1576.0,51.0,46.1,17.5,18,71.0,2,13,23.0,4,1.52,40.0,28.0,12.0,0.69,0.59,17.5,5,0,0,22,27,1,79,9,13,,,0
Nicolas Jackson,Chelsea,SEN,FW,22,2001,ENG-Premier League,2324,35,31,2799,31.1,14,5,19,14,0,0,10,0,0.45,0.16,0.61,0.45,0.61,31.1,14,80,41,51.3,2.57,1.32,0.18,0.34,0,0,35,2799.0,80.0,81.8,31.1,31,86.0,17,4,31.0,0,1.63,64.0,47.0,17.0,0.55,0.98,31.1,10,0,0,29,40,28,6,4,14,,,0
Noni Madueke,Chelsea,ENG,MF,21,2002,ENG-Premier League,2324,23,13,1053,11.7,5,2,7,4,1,1,2,0,0.43,0.17,0.6,0.34,0.51,11.7,5,32,13,40.6,2.74,1.11,0.13,0.31,1,1,23,1053.0,46.0,30.8,11.7,13,70.0,2,10,14.0,10,1.74,28.0,18.0,10.0,0.85,0.7,11.7,2,0,0,8,19,3,22,4,11,,,0
Raheem Sterling,Chelsea,ENG,MF,28,1994,ENG-Premier League,2324,31,22,1978,22.0,8,4,12,8,0,0,7,0,0.36,0.18,0.55,0.36,0.55,22.0,8,51,22,43.1,2.32,1.0,0.16,0.36,0,0,31,1978.0,64.0,57.8,22.0,22,82.0,9,9,20.0,3,1.48,41.0,39.0,2.0,0.09,-0.66,22.0,7,0,0,35,41,10,59,10,9,,,0
Reece James,Chelsea,ENG,"DF,MF",23,1999,ENG-Premier League,2324,10,5,419,4.7,0,2,2,0,0,0,2,2,0.0,0.43,0.43,0.0,0.43,4.7,0,7,1,14.3,1.5,0.21,0.0,0.0,0,0,10,419.0,42.0,12.3,4.7,5,62.0,0,5,21.0,0,1.2,8.0,10.0,-2.0,-0.43,-0.91,4.7,2,2,1,4,5,2,28,3,9,,,0
Roméo Lavia,Chelsea,BEL,MF,19,2004,ENG-Premier League,2324,1,0,33,0.4,0,0,0,0,0,0,0,0,0.0,0.0,0.0,0.0,0.0,0.4,0,0,0,,0.0,0.0,,,0,0,1,33.0,33.0,1.0,0.4,0,,0,1,33.0,1,3.0,1.0,0.0,1.0,2.73,2.38,0.4,0,0,0,1,1,0,0,0,0,,,0
Thiago Silva,Chelsea,BRA,DF,38,1984,ENG-Premier League,2324,31,28,2527,28.1,3,1,4,3,0,0,4,0,0.11,0.04,0.14,0.11,0.14,28.1,3,14,4,28.6,0.5,0.14,0.21,0.75,0,0,31,2527.0,82.0,73.9,28.1,28,89.0,25,3,15.0,5,1.65,58.0,45.0,13.0,0.46,0.36,28.1,4,0,0,10,7,1,4,25,15,,,0
Trevoh Chalobah,Chelsea,ENG,DF,24,1999,ENG-Premier League,2324,13,10,952,10.6,1,0,1,1,0,0,1,0,0.09,0.0,0.09,0.09,0.09,10.6,1,2,2,100.0,0.19,0.19,0.5,0.5,0,0,13,952.0,73.0,27.8,10.6,10,89.0,9,3,20.0,1,2.15,31.0,14.0,17.0,1.61,1.72,10.6,1,0,0,3,3,0,0,8,12,,,0
Adam Wharton,Crystal Palace,ENG,MF,19,2004,ENG-Premier League,2324,16,15,1297,14.4,0,3,3,0,0,0,2,0,0.0,0.21,0.21,0.0,0.21,14.4,0,10,1,10.0,0.69,0.07,0.0,0.0,0,0,16,1297.0,81.0,37.9,14.4,15,82.0,6,1,63.0,0,1.56,27.0,16.0,11.0,0.76,1.27,14.4,2,0,0,18,21,0,25,18,31,,,0
Cheick Doucouré,Crystal Palace,MLI,MF,23,2000,ENG-Premier League,2324,11,11,919,10.2,0,0,0,0,0,0,2,0,0.0,0.0,0.0,0.0,0.0,10.2,0,6,2,33.3,0.59,0.2,0.0,0.0,0,0,11,919.0,84.0,26.9,10.2,11,84.0,8,0,,1,1.27,9.0,11.0,-2.0,-0.2,-0.23,10.2,2,0,0,10,1,0,1,19,16,,,0
Chris Richards,Crystal Palace,USA,"DF,MF",23,2000,ENG-Premier League,2324,26,23,2094,23.3,1,1,2,1,0,0,3,0,0.04,0.04,0.09,0.04,0.09,23.3,1,11,3,27.3,0.47,0.13,0.09,0.33,0,0,26,2094.0,81.0,61.2,23.3,23,90.0,23,3,8.0,9,1.46,43.0,38.0,5.0,0.21,0.62,23.3,3,0,0,12,6,1,1,24,27,,,0
Daniel Muñoz,Crystal Palace,COL,"MF,DF",27,1996,ENG-Premier League,2324,16,16,1439,16.0,0,4,4,0,0,0,4,0,0.0,0.25,0.25,0.0,0.25,16.0,0,8,0,0.0,0.5,0.0,0.0,,0,0,16,1439.0,90.0,42.1,16.0,16,90.0,15,0,,0,1.56,32.0,22.0,10.0,0.63,1.13,16.0,4,0,0,29,8,8,10,23,36,,,0
David Ozoh,Crystal Palace,ENG,MF,18,2005,ENG-Premier League,2324,9,0,156,1.7,0,0,0,0,0,0,1,0,0.0,0.0,0.0,0.0,0.0,1.7,0,0,0,,0.0,0.0,,,0,0,9,156.0,17.0,4.6,1.7,0,,0,9,17.0,15,1.0,2.0,5.0,-3.0,-1.73,-1.79,1.7,1,0,0,2,0,0,0,0,6,,,0
Eberechi Eze,Crystal Palace,ENG,"MF,FW",25,1998,ENG-Premier League,2324,27,24,2055,22.8,11,4,15,10,1,1,3,0,0.48,0.18,0.66,0.44,0.61,22.8,11,83,34,41.0,3.64,1.49,0.12,0.29,1,1,27,2055.0,76.0,60.1,22.8,24,83.0,12,3,18.0,0,1.56,41.0,28.0,13.0,0.57,1.49,22.8,3,0,0,27,48,11,109,11,17,,,0
James Tomkins,Crystal Palace,ENG,"DF,MF",34,1989,ENG-Premier League,2324,4,0,10,0.1,0,0,0,0,0,0,0,0,0.0,0.0,0.0,0.0,0.0,0.1,0,0,0,,0.0,0.0,,,0,0,4,10.0,3.0,0.3,0.1,0,,0,4,3.0,24,2.25,0.0,2.0,-2.0,-18.0,-18.03,0.1,0,0,0,0,0,0,0,0,0,,,0
Jaïro Riedewald,Crystal Palace,NED,MF,26,1996,ENG-Premier League,2324,9,2,235,2.6,0,0,0,0,0,0,0,0,0.0,0.0,0.0,0.0,0.0,2.6,0,1,0,0.0,0.38,0.0,0.0,,0,0,9,235.0,26.0,6.9,2.6,2,77.0,0,7,12.0,20,2.33,2.0,3.0,-1.0,-0.38,-0.38,2.6,0,0,0,3,2,0,3,2,3,,,0
Jean-Philippe Mateta,Crystal Palace,FRA,FW,26,1997,ENG-Premier League,2324,35,25,2282,25.4,16,5,21,14,2,2,3,0,0.63,0.2,0.83,0.55,0.75,25.4,16,46,29,63.0,1.81,1.14,0.3,0.48,2,2,35,2282.0,65.0,66.7,25.4,25,83.0,13,10,21.0,2,1.23,46.0,44.0,2.0,0.08,0.32,25.4,3,0,0,35,22,24,20,4,16,,,0
Jefferson Lerma,Crystal Palace,COL,"MF,DF",28,1994,ENG-Premier League,2324,28,27,2400,26.7,1,1,2,1,0,0,8,0,0.04,0.04,0.07,0.04,0.07,26.7,1,34,9,26.5,1.27,0.34,0.03,0.11,0,0,28,2400.0,86.0,70.2,26.7,27,88.0,22,1,15.0,0,1.07,32.0,46.0,-14.0,-0.52,-1.67,26.7,8,0,0,43,25,4,15,36,25,,,0
Jeffrey Schlupp,Crystal Palace,GHA,"MF,FW",30,1992,ENG-Premier League,2324,29,17,1352,15.0,2,2,4,2,0,0,1,0,0.13,0.13,0.27,0.13,0.27,15.0,2,19,11,57.9,1.26,0.73,0.11,0.18,0,0,29,1352.0,47.0,39.5,15.0,17,70.0,2,12,14.0,3,1.34,12.0,25.0,-13.0,-0.87,-1.39,15.0,1,0,0,24,15,0,11,7,21,,,0
Jesurun Rak Sakyi,Crystal Palace,ENG,"FW,MF",20,2002,ENG-Premier League,2324,6,0,136,1.5,0,0,0,0,0,0,0,0,0.0,0.0,0.0,0.0,0.0,1.5,0,5,1,20.0,3.31,0.66,0.0,0.0,0,0,6,136.0,23.0,4.0,1.5,0,,0,6,23.0,7,0.33,1.0,3.0,-2.0,-1.32,-1.35,1.5,0,0,0,1,5,0,3,3,1,,,0
Joachim Andersen,Crystal Palace,DEN,DF,27,1996,ENG-Premier League,2324,38,38,3415,37.9,2,3,5,2,0,0,7,0,0.05,0.08,0.13,0.05,0.13,37.9,2,21,8,38.1,0.55,0.21,0.1,0.25,0,0,38,3415.0,90.0,99.9,37.9,38,90.0,36,0,,0,1.29,57.0,58.0,-1.0,-0.03,-0.03,37.9,7,0,0,43,24,1,32,42,36,,,0
Joel Ward,Crystal Palace,ENG,DF,33,1989,ENG-Premier League,2324,26,23,1980,22.0,0,1,1,0,0,0,4,0,0.0,0.05,0.05,0.0,0.05,22.0,0,10,0,0.0,0.45,0.0,0.0,,0,0,26,1980.0,76.0,57.9,22.0,23,85.0,19,3,6.0,5,1.19,23.0,34.0,-11.0,-0.5,-1.12,22.0,4,0,0,22,6,0,22,13,28,,,1
Jordan Ayew,Crystal Palace,GHA,"MF,FW",31,1991,ENG-Premier League,2324,35,30,2543,28.3,4,7,11,4,0,0,9,1,0.14,0.25,0.39,0.14,0.39,28.3,4,48,20,41.7,1.7,0.71,0.08,0.2,0,0,35,2543.0,73.0,74.4,28.3,30,82.0,17,5,19.0,1,1.29,33.0,37.0,-4.0,-0.14,-0.45,28.3,9,1,1,47,93,7,97,17,37,,,0
Marc Guéhi,Crystal Palace,ENG,DF,23,2000,ENG-Premier League,2324,25,23,2021,22.5,0,1,1,0,0,0,2,0,0.0,0.04,0.04,0.0,0.04,22.5,0,5,0,0.0,0.22,0.0,0.0,,0,0,25,2021.0,81.0,59.1,22.5,23,86.0,19,2,17.0,0,1.32,30.0,32.0,-2.0,-0.09,-0.15,22.5,2,0,0,14,26,0,3,15,16,,,0
Matheus França,Crystal Palace,BRA,MF,19,2004,ENG-Premier League,2324,10,1,232,2.6,0,1,1,0,0,0,1,0,0.0,0.39,0.39,0.0,0.39,2.6,0,8,2,25.0,3.1,0.78,0.0,0.0,0,0,10,232.0,23.0,6.8,2.6,1,83.0,0,9,17.0,9,0.7,7.0,7.0,0.0,0.0,0.03,2.6,1,0,0,5,2,2,14,1,3,,,0
Michael Olise,Crystal Palace,FRA,"MF,FW",21,2001,ENG-Premier League,2324,19,14,1275,14.2,10,6,16,9,1,1,0,0,0.71,0.42,1.13,0.64,1.06,14.2,10,57,21,36.8,4.02,1.48,0.16,0.43,1,1,19,1275.0,67.0,37.3,14.2,14,85.0,9,5,18.0,0,1.47,34.0,19.0,15.0,1.06,1.73,14.2,0,0,0,13,43,2,95,9,10,,,0
Naouirou Ahamada,Crystal Palace,FRA,MF,21,2002,ENG-Premier League,2324,20,0,349,3.9,0,0,0,0,0,0,4,1,0.0,0.0,0.0,0.0,0.0,3.9,0,9,2,22.2,2.32,0.52,0.0,0.0,0,0,20,349.0,17.0,10.2,3.9,0,,0,20,17.0,14,0.85,13.0,14.0,-1.0,-0.26,-0.26,3.9,4,1,1,9,6,1,6,2,9,,,0
Nathaniel Clyne,Crystal Palace,ENG,DF,32,1991,ENG-Premier League,2324,19,14,1338,14.9,0,0,0,0,0,0,0,0,0.0,0.0,0.0,0.0,0.0,14.9,0,4,0,0.0,0.27,0.0,0.0,,0,0,19,1338.0,70.0,39.1,14.9,14,87.0,10,5,24.0,18,1.53,31.0,16.0,15.0,1.01,1.7,14.9,0,0,0,6,3,0,9,9,15,,,0
Odsonne Édouard,Crystal Palace,FRA,"FW,MF",25,1998,ENG-Premier League,2324,30,17,1555,17.3,7,0,7,7,0,0,4,0,0.41,0.0,0.41,0.41,0.41,17.3,7,51,19,37.3,2.95,1.1,0.14,0.37,0,0,30,1555.0,52.0,45.5,17.3,17,81.0,5,13,14.0,3,1.23,14.0,24.0,-10.0,-0.58,-1.01,17.3,4,0,0,31,22,9,10,5,12,,,0
Tyrick Mitchell,Crystal Palace,ENG,"DF,MF",23,1999,ENG-Premier League,2324,37,37,3204,35.6,2,3,5,2,0,0,6,0,0.06,0.08,0.14,0.06,0.14,35.6,2,12,4,33.3,0.34,0.11,0.17,0.5,0,0,37,3204.0,87.0,93.7,35.6,37,87.0,31,0,,0,1.32,52.0,55.0,-3.0,-0.08,-0.92,35.6,6,0,0,22,16,1,69,24,59,,,0
Will Hughes,Crystal Palace,ENG,MF,28,1995,ENG-Premier League,2324,30,23,1891,21.0,0,1,1,0,0,0,6,0,0.0,0.05,0.05,0.0,0.05,21.0,0,8,3,37.5,0.38,0.14,0.0,0.0,0,0,30,1891.0,63.0,55.3,21.0,23,78.0,8,7,15.0,1,1.23,29.0,37.0,-8.0,-0.38,-0.79,21.0,6,0,0,39,30,1,30,18,33,,,0
Abdoulaye Doucouré,Everton,MLI,MF,30,1993,ENG-Premier League,2324,32,32,2629,29.2,7,1,8,7,0,0,7,0,0.24,0.03,0.27,0.24,0.27,29.2,7,47,23,48.9,1.61,0.79,0.15,0.3,0,0,32,2629.0,82.0,76.9,29.2,32,82.0,17,0,,0,1.44,33.0,35.0,-2.0,-0.07,0.96,29.2,7,0,0,53,8,21,26,16,28,,,0
Alex Iwobi,Everton,NGA,MF,27,1996,ENG-Premier League,2324,2,2,140,1.6,0,0,0,0,0,0,0,0,0.0,0.0,0.0,0.0,0.0,1.6,0,4,2,50.0,2.57,1.29,0.0,0.0,0,0,2,140.0,70.0,4.1,1.6,2,70.0,1,0,,0,0.0,0.0,4.0,-4.0,-2.57,-2.38,1.6,0,0,0,0,0,3,10,1,0,,,0
Amadou Onana,Everton,BEL,MF,21,2001,ENG-Premier League,2324,30,23,2091,23.2,2,0,2,2,0,0,5,0,0.09,0.0,0.09,0.09,0.09,23.2,2,29,6,20.7,1.25,0.26,0.07,0.33,0,0,30,2091.0,70.0,61.1,23.2,23,83.0,16,7,27.0,1,1.1,21.0,37.0,-16.0,-0.69,-1.03,23.2,5,0,0,37,45,1,3,19,39,,,0
André Gomes,Everton,POR,MF,30,1993,ENG-Premier League,2324,12,3,508,5.6,1,0,1,1,0,0,4,0,0.18,0.0,0.18,0.18,0.18,5.6,1,8,4,50.0,1.42,0.71,0.13,0.25,0,0,12,508.0,42.0,14.9,5.6,3,73.0,1,9,32.0,4,0.92,6.0,7.0,-1.0,-0.18,0.13,5.6,4,0,0,17,5,0,27,3,4,,,0
Arnaut Danjuma,Everton,NED,"MF,FW",26,1997,ENG-Premier League,2324,14,5,595,6.6,1,0,1,1,0,0,0,0,0.15,0.0,0.15,0.15,0.15,6.6,1,25,9,36.0,3.78,1.36,0.04,0.11,0,0,14,595.0,43.0,17.4,6.6,5,84.0,2,9,19.0,14,0.43,3.0,10.0,-7.0,-1.06,-0.93,6.6,0,0,0,6,5,3,10,3,4,,,0
Ashley Young,Everton,ENG,"DF,MF",38,1985,ENG-Premier League,2324,31,27,2280,25.3,0,0,0,0,0,0,7,1,0.0,0.0,0.0,0.0,0.0,25.3,0,13,2,15.4,0.51,0.08,0.0,0.0,0,0,31,2280.0,74.0,66.7,25.3,27,81.0,14,4,21.0,1,1.32,28.0,33.0,-5.0,-0.2,0.28,25.3,7,1,1,33,24,1,98,22,36,,,1
Ben Godfrey,Everton,ENG,DF,25,1998,ENG-Premier League,2324,15,13,1120,12.4,0,0,0,0,0,0,2,0,0.0,0.0,0.0,0.0,0.0,12.4,0,15,4,26.7,1.21,0.32,0.0,0.0,0,0,15,1120.0,75.0,32.7,12.4,13,86.0,10,2,1.0,23,1.07,12.0,13.0,-1.0,-0.08,0.31,12.4,2,0,0,8,6,2,21,16,21,,,0
Beto,Everton,GNB,FW,25,1998,ENG-Premier League,2324,30,9,951,10.6,3,0,3,3,0,1,2,0,0.28,0.0,0.28,0.28,0.28,10.6,3,43,13,30.2,4.07,1.23,0.07,0.23,0,1,30,951.0,32.0,27.8,10.6,9,72.0,2,21,15.0,2,1.2,16.0,20.0,-4.0,-0.38,-0.12,10.6,2,0,0,21,19,10,5,1,6,,,0
Dominic Calvert-Lewin,Everton,ENG,FW,26,1997,ENG-Premier League,2324,32,26,2171,24.1,7,2,9,5,2,2,2,0,0.29,0.08,0.37,0.21,0.29,24.1,7,73,31,42.5,3.03,1.29,0.07,0.16,2,2,32,2171.0,68.0,63.5,24.1,26,78.0,4,6,26.0,0,1.28,26.0,27.0,-1.0,-0.04,0.68,24.1,2,0,0,31,32,24,3,4,6,,,0
Dwight McNeil,Everton,ENG,MF,23,1999,ENG-Premier League,2324,35,33,2892,32.1,3,6,9,3,0,0,2,0,0.09,0.19,0.28,0.09,0.28,32.1,3,57,15,26.3,1.77,0.47,0.05,0.2,0,0,35,2892.0,83.0,84.6,32.1,33,86.0,24,2,22.0,0,1.37,37.0,38.0,-1.0,-0.03,1.67,32.1,2,0,0,18,33,4,229,20,27,,,0
Idrissa Gana Gueye,Everton,SEN,MF,33,1989,ENG-Premier League,2324,25,24,1884,20.9,4,0,4,4,0,0,8,0,0.19,0.0,0.19,0.19,0.19,20.9,4,26,7,26.9,1.24,0.33,0.15,0.57,0,0,25,1884.0,75.0,55.1,20.9,24,77.0,12,1,45.0,3,1.36,23.0,26.0,-3.0,-0.14,0.33,20.9,8,0,0,35,31,0,10,28,41,,,0
Jack Harrison,Everton,ENG,MF,26,1996,ENG-Premier League,2324,29,25,2214,24.6,3,3,6,3,0,0,1,0,0.12,0.12,0.24,0.12,0.24,24.6,3,34,9,26.5,1.38,0.37,0.09,0.33,0,0,29,2214.0,76.0,64.7,24.6,25,84.0,17,4,31.0,1,1.38,27.0,25.0,2.0,0.08,1.05,24.6,1,0,0,20,31,1,82,11,22,,,0
James Garner,Everton,ENG,MF,22,2001,ENG-Premier League,2324,37,34,3004,33.4,1,2,3,1,0,0,7,0,0.03,0.06,0.09,0.03,0.09,33.4,1,41,11,26.8,1.23,0.33,0.02,0.09,0,0,37,3004.0,81.0,87.8,33.4,34,86.0,29,3,22.0,0,1.22,36.0,47.0,-11.0,-0.33,-0.33,33.4,7,0,0,39,43,3,113,46,42,,,0
James Tarkowski,Everton,ENG,DF,30,1992,ENG-Premier League,2324,38,38,3419,38.0,1,1,2,1,0,0,11,0,0.03,0.03,0.05,0.03,0.05,38.0,1,25,5,20.0,0.66,0.13,0.04,0.2,0,0,38,3419.0,90.0,100.0,38.0,38,90.0,37,0,,0,1.26,40.0,51.0,-11.0,-0.29,-0.29,38.0,11,0,0,45,25,1,6,55,42,,,0
Jarrad Branthwaite,Everton,ENG,DF,21,2002,ENG-Premier League,2324,35,35,3116,34.6,3,0,3,3,0,0,8,0,0.09,0.0,0.09,0.09,0.09,34.6,3,14,4,28.6,0.4,0.12,0.21,0.75,0,0,35,3116.0,89.0,91.1,34.6,35,89.0,34,0,,2,1.29,38.0,44.0,-6.0,-0.17,1.31,34.6,8,0,0,25,19,5,1,48,33,,,0
Lewis Dobbin,Everton,ENG,MF,20,2003,ENG-Premier League,2324,12,1,232,2.6,1,0,1,1,0,0,1,0,0.39,0.0,0.39,0.39,0.39,2.6,1,5,2,40.0,1.94,0.78,0.2,0.5,0,0,12,232.0,19.0,6.8,2.6,1,65.0,0,11,15.0,16,0.92,2.0,3.0,-1.0,-0.39,-0.11,2.6,1,0,0,3,6,0,6,1,7,,,0
Lewis Warrington,Everton,ENG,MF,20,2002,ENG-Premier League,2324,1,0,1,0.0,0,0,0,0,0,0,0,0,0.0,0.0,0.0,0.0,0.0,0.0,0,0,0,,0.0,0.0,,,0,0,1,1.0,1.0,0.0,0.0,0,,0,1,1.0,7,3.0,0.0,0.0,0.0,0.0,0.29,0.0,0,0,0,0,0,0,0,0,0,,,0
Michael Keane,Everton,ENG,DF,30,1993,ENG-Premier League,2324,9,4,439,4.9,1,0,1,1,0,0,2,0,0.21,0.0,0.21,0.21,0.21,4.9,1,6,4,66.7,1.23,0.82,0.17,0.25,0,0,9,439.0,49.0,12.8,4.9,4,83.0,3,5,21.0,26,0.67,2.0,13.0,-11.0,-2.26,-2.26,4.9,2,0,0,5,0,0,0,5,3,,,0
Nathan Patterson,Everton,SCO,DF,21,2001,ENG-Premier League,2324,20,9,1005,11.2,0,2,2,0,0,0,4,0,0.0,0.18,0.18,0.0,0.18,11.2,0,4,0,0.0,0.36,0.0,0.0,,0,0,20,1005.0,50.0,29.4,11.2,9,87.0,8,11,20.0,12,1.05,12.0,21.0,-9.0,-0.81,-0.73,11.2,4,0,0,18,5,1,32,11,25,,,0
Neal Maupay,Everton,FRA,FW,26,1996,ENG-Premier League,2324,2,1,111,1.2,0,0,0,0,0,0,0,0,0.0,0.0,0.0,0.0,0.0,1.2,0,5,4,80.0,4.05,3.24,0.0,0.0,0,0,2,111.0,56.0,3.2,1.2,1,71.0,0,1,40.0,1,0.0,0.0,1.0,-1.0,-0.81,-0.54,1.2,0,0,0,1,0,2,0,0,0,,,0
Séamus Coleman,Everton,IRL,DF,34,1988,ENG-Premier League,2324,12,7,665,7.4,0,0,0,0,0,0,0,0,0.0,0.0,0.0,0.0,0.0,7.4,0,0,0,,0.0,0.0,,,0,0,12,665.0,55.0,19.4,7.4,7,80.0,5,5,21.0,6,1.08,5.0,10.0,-5.0,-0.68,-0.48,7.4,0,0,0,6,5,0,12,7,14,,,1
Thomas Cannon,Everton,IRL,FW,20,2002,ENG-Premier League,2324,1,0,1,0.0,0,0,0,0,0,0,0,0,0.0,0.0,0.0,0.0,0.0,0.0,0,0,0,,0.0,0.0,,,0,0,1,1.0,1.0,0.0,0.0,0,,0,1,1.0,2,0.0,0.0,0.0,0.0,0.0,0.29,0.0,0,0,0,0,0,0,0,0,0,,,0
Tyler Onyango,Everton,ENG,MF,20,2003,ENG-Premier League,2324,1,0,1,0.0,0,0,0,0,0,0,0,0,0.0,0.0,0.0,0.0,0.0,0.0,0,0,0,,0.0,0.0,,,0,0,1,1.0,1.0,0.0,0.0,0,,0,1,1.0,4,0.0,0.0,0.0,0.0,0.0,0.29,0.0,0,0,0,0,0,0,0,0,0,,,0
Vitaliy Mykolenko,Everton,UKR,DF,24,1999,ENG-Premier League,2324,28,28,2469,27.4,2,0,2,2,0,0,1,0,0.07,0.0,0.07,0.07,0.07,27.4,2,26,5,19.2,0.95,0.18,0.08,0.4,0,0,28,2469.0,88.0,72.2,27.4,28,88.0,25,0,,4,1.32,30.0,37.0,-7.0,-0.26,0.12,27.4,1,0,0,23,9,1,56,34,37,,,0
Youssef Chermiti,Everton,POR,FW,19,2004,ENG-Premier League,2324,18,1,208,2.3,0,0,0,0,0,0,3,0,0.0,0.0,0.0,0.0,0.0,2.3,0,7,2,28.6,3.03,0.87,0.0,0.0,0,0,18,208.0,12.0,6.1,2.3,1,89.0,0,17,7.0,18,1.33,3.0,4.0,-1.0,-0.43,-0.15,2.3,3,0,0,11,4,6,0,1,2,,,0
Adama Traoré,Fulham,ESP,MF,27,1996,ENG-Premier League,2324,17,1,377,4.2,2,3,5,2,0,0,2,0,0.48,0.72,1.19,0.48,1.19,4.2,2,11,7,63.6,2.63,1.67,0.18,0.29,0,0,17,377.0,22.0,11.0,4.2,1,78.0,0,16,19.0,2,1.06,11.0,13.0,-2.0,-0.48,-0.36,4.2,2,0,0,5,4,0,26,1,3,,,0
Aleksandar Mitrović,Fulham,SRB,FW,28,1994,ENG-Premier League,2324,1,0,33,0.4,0,0,0,0,0,0,0,0,0.0,0.0,0.0,0.0,0.0,0.4,0,2,1,50.0,5.45,2.73,0.0,0.0,0,0,1,33.0,33.0,1.0,0.4,0,,0,1,33.0,0,3.0,1.0,0.0,1.0,2.73,2.91,0.4,0,0,0,0,0,0,0,0,0,,,0
Alex Iwobi,Fulham,NGA,MF,27,1996,ENG-Premier League,2324,30,25,2192,24.4,5,2,7,5,0,0,2,0,0.21,0.08,0.29,0.21,0.29,24.4,5,51,18,35.3,2.09,0.74,0.1,0.28,0,0,30,2192.0,73.0,64.1,24.4,25,81.0,9,5,34.0,0,1.27,38.0,38.0,0.0,0.0,0.44,24.4,2,0,0,12,5,5,62,15,16,,,0
Andreas Pereira,Fulham,BRA,MF,27,1996,ENG-Premier League,2324,37,34,2613,29.0,3,7,10,3,0,0,6,0,0.1,0.24,0.34,0.1,0.34,29.0,3,52,16,30.8,1.79,0.55,0.06,0.19,0,0,37,2613.0,71.0,76.4,29.0,34,74.0,5,3,28.0,1,1.19,39.0,40.0,-1.0,-0.03,0.52,29.0,6,0,0,22,26,3,219,4,13,,,0
Antonee Robinson,Fulham,USA,DF,25,1997,ENG-Premier League,2324,37,37,3265,36.3,0,6,6,0,0,0,6,0,0.0,0.17,0.17,0.0,0.17,36.3,0,16,7,43.8,0.44,0.19,0.0,0.0,0,0,37,3265.0,88.0,95.5,36.3,37,88.0,32,0,,0,1.19,52.0,60.0,-8.0,-0.22,-1.38,36.3,6,0,0,34,20,3,133,81,56,,,2
Armando Broja,Fulham,ALB,FW,21,2001,ENG-Premier League,2324,8,0,88,1.0,0,1,1,0,0,0,0,0,0.0,1.02,1.02,0.0,1.02,1.0,0,0,0,,0.0,0.0,,,0,0,8,88.0,11.0,2.6,1.0,0,,0,8,11.0,4,1.38,2.0,4.0,-2.0,-2.05,-1.94,1.0,0,0,0,5,3,0,1,0,0,,,0
Bobby De Cordova-Reid,Fulham,JAM,"MF,FW",30,1993,ENG-Premier League,2324,33,17,1423,15.8,6,2,8,6,0,0,4,0,0.38,0.13,0.51,0.38,0.51,15.8,6,33,8,24.2,2.09,0.51,0.18,0.75,0,0,33,1423.0,43.0,41.6,15.8,17,69.0,1,16,16.0,5,1.24,22.0,29.0,-7.0,-0.44,-0.49,15.8,4,0,0,16,25,4,35,5,14,,,0
Calvin Bassey,Fulham,NGA,DF,23,1999,ENG-Premier League,2324,29,25,2303,25.6,1,0,1,1,0,0,6,1,0.04,0.0,0.04,0.04,0.04,25.6,1,5,2,40.0,0.2,0.08,0.2,0.5,0,0,29,2303.0,79.0,67.3,25.6,25,90.0,24,4,15.0,4,1.31,44.0,42.0,2.0,0.08,0.72,25.6,6,1,1,15,11,2,3,27,29,,,0
Carlos Vinícius,Fulham,BRA,FW,28,1995,ENG-Premier League,2324,13,2,315,3.5,2,0,2,2,0,0,2,0,0.57,0.0,0.57,0.57,0.57,3.5,2,9,5,55.6,2.57,1.43,0.22,0.4,0,0,13,315.0,24.0,9.2,3.5,2,61.0,0,11,18.0,7,1.23,6.0,5.0,1.0,0.29,0.49,3.5,2,0,0,4,2,6,1,0,2,,,0
Fodé Ballo-Touré,Fulham,SEN,"DF,MF",26,1997,ENG-Premier League,2324,6,0,71,0.8,0,0,0,0,0,0,1,0,0.0,0.0,0.0,0.0,0.0,0.8,0,0,0,,0.0,0.0,,,0,0,6,71.0,12.0,2.1,0.8,0,,0,6,12.0,16,2.0,2.0,1.0,1.0,1.27,1.46,0.8,1,0,0,4,2,0,5,3,2,,,0
Harrison Reed,Fulham,ENG,MF,28,1995,ENG-Premier League,2324,27,15,1325,14.7,0,2,2,0,0,0,6,0,0.0,0.14,0.14,0.0,0.14,14.7,0,9,2,22.2,0.61,0.14,0.0,0.0,0,0,27,1325.0,49.0,38.7,14.7,15,78.0,6,12,13.0,10,1.52,22.0,23.0,-1.0,-0.07,0.15,14.7,6,0,0,26,10,0,19,9,17,,,0
Harry Wilson,Fulham,WAL,"MF,FW",26,1997,ENG-Premier League,2324,35,16,1620,18.0,4,6,10,4,0,0,6,0,0.22,0.33,0.56,0.22,0.56,18.0,4,40,13,32.5,2.22,0.72,0.1,0.31,0,0,35,1620.0,46.0,47.4,18.0,16,76.0,5,19,22.0,1,1.26,21.0,30.0,-9.0,-0.5,-0.65,18.0,6,0,0,21,40,5,42,9,13,,,0
Issa Diop,Fulham,MAR,DF,26,1997,ENG-Premier League,2324,18,16,1424,15.8,0,0,0,0,0,0,4,1,0.0,0.0,0.0,0.0,0.0,15.8,0,5,1,20.0,0.32,0.06,0.0,0.0,0,0,18,1424.0,79.0,41.6,15.8,16,88.0,13,2,11.0,3,1.28,12.0,25.0,-13.0,-0.82,-1.14,15.8,4,1,1,17,4,0,0,17,14,,,0
João Palhinha,Fulham,POR,MF,28,1995,ENG-Premier League,2324,33,31,2699,30.0,4,1,5,4,0,0,13,0,0.13,0.03,0.17,0.13,0.17,30.0,4,44,13,29.5,1.47,0.43,0.09,0.31,0,0,33,2699.0,82.0,78.9,30.0,31,86.0,18,2,23.0,0,1.06,43.0,46.0,-3.0,-0.1,0.27,30.0,13,0,0,52,56,2,5,48,77,,,0
Kenny Tete,Fulham,NED,DF,27,1995,ENG-Premier League,2324,14,10,867,9.6,1,0,1,1,0,0,2,0,0.1,0.0,0.1,0.1,0.1,9.6,1,4,1,25.0,0.42,0.1,0.25,1.0,0,0,14,867.0,62.0,25.4,9.6,10,82.0,5,4,13.0,14,1.07,14.0,21.0,-7.0,-0.73,-0.76,9.6,2,0,0,16,12,0,23,16,19,,,0
Luke Harris,Fulham,WAL,MF,18,2005,ENG-Premier League,2324,1,0,75,0.8,0,0,0,0,0,0,0,0,0.0,0.0,0.0,0.0,0.0,0.8,0,1,1,100.0,1.2,1.2,0.0,0.0,0,0,1,75.0,75.0,2.2,0.8,0,,0,1,75.0,4,0.0,1.0,5.0,-4.0,-4.8,-4.75,0.8,0,0,0,2,2,0,0,0,1,,,0
Raúl Jiménez,Fulham,MEX,FW,32,1991,ENG-Premier League,2324,24,18,1395,15.5,7,0,7,7,0,0,3,1,0.45,0.0,0.45,0.45,0.45,15.5,7,41,17,41.5,2.65,1.1,0.17,0.41,0,0,24,1395.0,58.0,40.8,15.5,18,71.0,4,6,19.0,5,1.25,25.0,26.0,-1.0,-0.06,0.16,15.5,3,1,0,17,21,12,7,4,12,,,0
Rodrigo Muniz,Fulham,BRA,FW,22,2001,ENG-Premier League,2324,26,18,1593,17.7,9,1,10,9,0,0,1,0,0.51,0.06,0.56,0.51,0.56,17.7,9,73,27,37.0,4.12,1.53,0.12,0.33,0,0,26,1593.0,61.0,46.6,17.7,18,80.0,7,8,18.0,7,1.04,24.0,27.0,-3.0,-0.17,-0.02,17.7,1,0,0,25,34,4,2,6,4,,,0
Saša Lukić,Fulham,SRB,MF,26,1996,ENG-Premier League,2324,24,13,1122,12.5,1,0,1,1,0,0,3,0,0.08,0.0,0.08,0.08,0.08,12.5,1,13,3,23.1,1.04,0.24,0.08,0.33,0,0,24,1122.0,47.0,32.8,12.5,13,77.0,5,11,12.0,9,1.08,14.0,20.0,-6.0,-0.48,-0.48,12.5,3,0,0,27,9,0,3,14,21,,,0
Tim Ream,Fulham,USA,DF,35,1987,ENG-Premier League,2324,18,17,1503,16.7,1,0,1,1,0,0,4,1,0.06,0.0,0.06,0.06,0.06,16.7,1,1,1,100.0,0.06,0.06,1.0,1.0,0,0,18,1503.0,84.0,43.9,16.7,17,87.0,15,1,16.0,13,1.22,24.0,29.0,-5.0,-0.3,-0.25,16.7,4,1,1,8,6,1,1,26,9,,,0
Timothy Castagne,Fulham,BEL,DF,27,1995,ENG-Premier League,2324,34,29,2634,29.3,1,3,4,1,0,0,3,0,0.03,0.1,0.14,0.03,0.14,29.3,1,14,5,35.7,0.48,0.17,0.07,0.2,0,0,34,2634.0,77.0,77.0,29.3,29,88.0,25,5,16.0,1,1.26,41.0,40.0,1.0,0.03,0.84,29.3,3,0,0,22,11,3,50,37,25,,,0
Tom Cairney,Fulham,SCO,MF,32,1991,ENG-Premier League,2324,34,14,1488,16.5,1,4,5,1,0,0,3,0,0.06,0.24,0.3,0.06,0.3,16.5,1,17,8,47.1,1.03,0.48,0.06,0.13,0,0,34,1488.0,44.0,43.5,16.5,14,77.0,6,20,21.0,4,1.18,28.0,27.0,1.0,0.06,0.39,16.5,3,0,0,15,23,0,25,12,17,,,1
Tosin Adarabioyo,Fulham,ENG,DF,25,1997,ENG-Premier League,2324,20,18,1617,18.0,2,0,2,2,0,0,2,0,0.11,0.0,0.11,0.11,0.11,18.0,2,14,5,35.7,0.78,0.28,0.14,0.4,0,0,20,1617.0,81.0,47.3,18.0,18,90.0,17,2,2.0,2,1.4,28.0,25.0,3.0,0.17,0.62,18.0,2,0,0,10,5,0,2,24,12,,,0
Willian,Fulham,BRA,"MF,FW",34,1988,ENG-Premier League,2324,31,24,2053,22.8,4,2,6,2,2,2,1,0,0.18,0.09,0.26,0.09,0.18,22.8,4,45,18,40.0,1.97,0.79,0.04,0.11,2,2,31,2053.0,66.0,60.0,22.8,24,77.0,9,7,29.0,2,1.29,33.0,28.0,5.0,0.22,0.94,22.8,1,0,0,9,30,1,75,9,11,,,0
Alexis Mac Allister,Liverpool,ARG,MF,24,1998,ENG-Premier League,2324,33,31,2599,28.9,5,5,10,4,1,1,7,1,0.17,0.17,0.35,0.14,0.31,28.9,5,44,9,20.5,1.52,0.31,0.09,0.44,1,1,33,2599.0,79.0,76.0,28.9,31,83.0,17,2,17.0,0,2.15,62.0,34.0,28.0,0.97,-0.89,28.9,7,1,0,53,47,0,31,32,52,,,0
Andrew Robertson,Liverpool,SCO,DF,29,1994,ENG-Premier League,2324,23,18,1693,18.8,3,2,5,3,0,0,2,0,0.16,0.11,0.27,0.16,0.27,18.8,3,12,7,58.3,0.64,0.37,0.25,0.43,0,0,23,1693.0,74.0,49.5,18.8,18,86.0,14,5,28.0,0,2.04,43.0,22.0,21.0,1.12,-0.13,18.8,2,0,0,9,5,3,184,13,25,,,0
Ben Gannon-Doak,Liverpool,SCO,MF,17,2005,ENG-Premier League,2324,1,0,14,0.2,0,0,0,0,0,0,0,0,0.0,0.0,0.0,0.0,0.0,0.2,0,0,0,,0.0,0.0,,,0,0,1,14.0,14.0,0.4,0.2,0,,0,1,14.0,8,1.0,0.0,0.0,0.0,0.0,-1.19,0.2,0,0,0,0,0,0,0,0,0,,,0
Bobby Clark,Liverpool,ENG,MF,18,2005,ENG-Premier League,2324,5,1,89,1.0,0,0,0,0,0,0,0,0,0.0,0.0,0.0,0.0,0.0,1.0,0,2,0,0.0,2.02,0.0,0.0,,0,0,5,89.0,18.0,2.6,1.0,1,59.0,0,4,8.0,6,3.0,2.0,0.0,2.0,2.02,0.86,1.0,0,0,0,4,3,0,0,1,1,,,0
Cody Gakpo,Liverpool,NED,"FW,MF",24,1999,ENG-Premier League,2324,35,17,1649,18.3,8,5,13,8,0,0,1,0,0.44,0.27,0.71,0.44,0.71,18.3,8,66,24,36.4,3.6,1.31,0.12,0.33,0,0,35,1649.0,47.0,48.2,18.3,17,73.0,3,18,23.0,0,2.23,52.0,19.0,33.0,1.8,1.19,18.3,1,0,0,28,38,8,21,11,18,,,0
Conor Bradley,Liverpool,NIR,DF,20,2003,ENG-Premier League,2324,11,10,753,8.4,1,3,4,1,0,0,2,0,0.12,0.36,0.48,0.12,0.48,8.4,1,12,4,33.3,1.43,0.48,0.08,0.25,0,0,11,753.0,68.0,22.0,8.4,10,73.0,2,1,20.0,8,2.36,18.0,7.0,11.0,1.31,0.17,8.4,2,0,0,8,12,2,18,10,25,,,1
Curtis Jones,Liverpool,ENG,MF,22,2001,ENG-Premier League,2324,23,14,1167,13.0,1,1,2,1,0,0,3,1,0.08,0.08,0.15,0.08,0.15,13.0,1,19,6,31.6,1.47,0.46,0.05,0.17,0,0,23,1167.0,51.0,34.1,13.0,14,70.0,4,9,20.0,4,1.96,31.0,17.0,14.0,1.08,-0.16,13.0,3,1,0,16,14,5,4,7,14,,,0
Darwin Núñez,Liverpool,URU,FW,24,1999,ENG-Premier League,2324,36,22,2047,22.7,11,8,19,11,0,1,9,0,0.48,0.35,0.84,0.48,0.84,22.7,11,108,46,42.6,4.75,2.02,0.1,0.24,0,1,36,2047.0,57.0,59.9,22.7,22,79.0,9,14,21.0,1,2.19,48.0,25.0,23.0,1.01,-0.43,22.7,9,0,0,28,15,33,19,2,13,,,0
Diogo Jota,Liverpool,POR,FW,26,1996,ENG-Premier League,2324,21,14,1145,12.7,10,3,13,10,0,0,3,1,0.79,0.24,1.02,0.79,1.02,12.7,10,41,20,48.8,3.22,1.57,0.24,0.5,0,0,21,1145.0,55.0,33.5,12.7,14,71.0,3,7,22.0,1,2.29,33.0,10.0,23.0,1.81,0.94,12.7,3,1,1,27,21,3,9,7,13,,,0
Dominik Szoboszlai,Liverpool,HUN,MF,22,2000,ENG-Premier League,2324,33,25,2104,23.4,3,2,5,3,0,0,1,0,0.13,0.09,0.21,0.13,0.21,23.4,3,60,15,25.0,2.57,0.64,0.05,0.2,0,0,33,2104.0,64.0,61.5,23.4,25,79.0,12,8,15.0,0,2.12,42.0,23.0,19.0,0.81,-0.97,23.4,1,0,0,29,29,3,113,14,18,,,0
Harvey Elliott,Liverpool,ENG,"MF,FW",20,2003,ENG-Premier League,2324,34,11,1352,15.0,3,6,9,3,0,0,2,0,0.2,0.4,0.6,0.2,0.6,15.0,3,49,17,34.7,3.26,1.13,0.06,0.18,0,0,34,1352.0,40.0,39.5,15.0,11,77.0,4,23,22.0,4,2.15,41.0,13.0,28.0,1.86,1.12,15.0,2,0,0,7,14,1,61,5,17,,,0
Ibrahima Konaté,Liverpool,FRA,DF,24,1999,ENG-Premier League,2324,22,17,1574,17.5,0,0,0,0,0,0,5,1,0.0,0.0,0.0,0.0,0.0,17.5,0,11,2,18.2,0.63,0.11,0.0,0.0,0,0,22,1574.0,72.0,46.0,17.5,17,87.0,14,5,20.0,11,2.0,38.0,17.0,21.0,1.2,0.03,17.5,5,1,1,25,13,0,1,19,23,,,0
James McConnell,Liverpool,ENG,MF,18,2004,ENG-Premier League,2324,3,0,4,0.0,0,0,0,0,0,0,0,0,0.0,0.0,0.0,0.0,0.0,0.0,0,0,0,,0.0,0.0,,,0,0,3,4.0,1.0,0.1,0.0,0,,0,3,1.0,15,3.0,1.0,0.0,1.0,22.5,21.34,0.0,0,0,0,1,1,0,0,1,0,,,0
Jarell Quansah,Liverpool,ENG,DF,20,2003,ENG-Premier League,2324,17,13,1190,13.2,2,0,2,2,0,0,1,0,0.15,0.0,0.15,0.15,0.15,13.2,2,6,4,66.7,0.45,0.3,0.33,0.5,0,0,17,1190.0,70.0,34.8,13.2,13,87.0,10,4,16.0,17,2.35,31.0,16.0,15.0,1.13,-0.08,13.2,1,0,0,10,2,0,0,16,22,,,0
Jayden Danns,Liverpool,ENG,FW,17,2006,ENG-Premier League,2324,2,0,9,0.1,0,0,0,0,0,0,1,0,0.0,0.0,0.0,0.0,0.0,0.1,0,0,0,,0.0,0.0,,,0,0,2,9.0,5.0,0.3,0.1,0,,0,2,5.0,4,3.0,2.0,0.0,2.0,20.0,18.87,0.1,1,0,0,2,0,0,0,0,0,,,0
Joe Gomez,Liverpool,ENG,DF,26,1997,ENG-Premier League,2324,32,17,1786,19.8,0,1,1,0,0,0,5,0,0.0,0.05,0.05,0.0,0.05,19.8,0,19,2,10.5,0.96,0.1,0.0,0.0,0,0,32,1786.0,56.0,52.2,19.8,17,85.0,12,15,23.0,4,2.22,47.0,19.0,28.0,1.41,0.47,19.8,5,0,0,28,16,0,39,19,30,,,0
Joël Matip,Liverpool,CMR,DF,31,1991,ENG-Premier League,2324,10,9,781,8.7,0,0,0,0,0,0,2,0,0.0,0.0,0.0,0.0,0.0,8.7,0,5,0,0.0,0.58,0.0,0.0,,0,0,10,781.0,78.0,22.8,8.7,9,84.0,6,1,25.0,4,2.3,20.0,9.0,11.0,1.27,0.11,8.7,2,0,0,7,3,1,0,9,7,,,1
Kaide Gordon,Liverpool,ENG,FW,18,2004,ENG-Premier League,2324,1,0,1,0.0,0,0,0,0,0,0,0,0,0.0,0.0,0.0,0.0,0.0,0.0,0,0,0,,0.0,0.0,,,0,0,1,1.0,1.0,0.0,0.0,0,,0,1,1.0,1,3.0,0.0,0.0,0.0,0.0,-1.18,0.0,0,0,0,0,0,0,0,0,0,,,0
Kostas Tsimikas,Liverpool,GRE,DF,27,1996,ENG-Premier League,2324,13,8,679,7.5,0,3,3,0,0,0,0,0,0.0,0.4,0.4,0.0,0.4,7.5,0,3,0,0.0,0.4,0.0,0.0,,0,0,13,679.0,52.0,19.9,7.5,8,79.0,6,5,9.0,17,2.15,16.0,7.0,9.0,1.19,0.01,7.5,0,0,0,11,7,1,72,4,12,,,0
Luis Díaz,Liverpool,COL,FW,26,1997,ENG-Premier League,2324,37,32,2629,29.2,8,5,13,8,0,0,3,0,0.27,0.17,0.45,0.27,0.45,29.2,8,94,32,34.0,3.22,1.1,0.09,0.25,0,0,37,2629.0,71.0,76.9,29.2,32,78.0,11,5,24.0,0,2.14,67.0,33.0,34.0,1.16,-0.09,29.2,3,0,0,54,42,20,27,3,26,,,0
Mohamed Salah,Liverpool,EGY,FW,31,1992,ENG-Premier League,2324,32,28,2534,28.2,18,10,28,13,5,7,2,0,0.64,0.36,0.99,0.46,0.82,28.2,18,114,56,49.1,4.05,1.99,0.11,0.23,5,7,32,2534.0,79.0,74.1,28.2,28,87.0,22,4,27.0,0,2.09,58.0,30.0,28.0,0.99,-0.73,28.2,2,0,0,12,25,18,41,2,11,,,0
Owen Beck,Liverpool,WAL,"DF,MF",20,2002,ENG-Premier League,2324,1,0,8,0.1,0,0,0,0,0,0,0,0,0.0,0.0,0.0,0.0,0.0,0.1,0,0,0,,0.0,0.0,,,0,0,1,8.0,8.0,0.2,0.1,0,,0,1,8.0,0,3.0,1.0,0.0,1.0,11.25,10.09,0.1,0,0,0,0,0,0,0,0,1,,,0
Ryan Gravenberch,Liverpool,NED,MF,21,2002,ENG-Premier League,2324,26,12,1121,12.5,1,0,1,1,0,0,0,0,0.08,0.0,0.08,0.08,0.08,12.5,1,23,8,34.8,1.85,0.64,0.04,0.13,0,0,26,1121.0,43.0,32.8,12.5,12,68.0,1,14,22.0,5,2.23,28.0,18.0,10.0,0.8,-0.57,12.5,0,0,0,20,15,0,4,15,12,,,0
Stefan Bajcetic,Liverpool,ESP,MF,18,2004,ENG-Premier League,2324,1,0,26,0.3,0,0,0,0,0,0,0,0,0.0,0.0,0.0,0.0,0.0,0.3,0,0,0,,0.0,0.0,,,0,0,1,26.0,26.0,0.8,0.3,0,,0,1,26.0,6,3.0,0.0,2.0,-2.0,-6.92,-8.17,0.3,0,0,0,1,2,0,0,0,1,,,0
Thiago Alcántara,Liverpool,ESP,MF,32,1991,ENG-Premier League,2324,1,0,6,0.1,0,0,0,0,0,0,0,0,0.0,0.0,0.0,0.0,0.0,0.1,0,0,0,,0.0,0.0,,,0,0,1,6.0,6.0,0.2,0.1,0,,0,1,6.0,0,0.0,0.0,1.0,-1.0,-15.0,-16.21,0.1,0,0,0,0,0,0,0,0,0,,,0
Trent Alexander-Arnold,Liverpool,ENG,DF,24,1998,ENG-Premier League,2324,28,25,2155,23.9,3,4,7,3,0,0,6,0,0.13,0.17,0.29,0.13,0.29,23.9,3,47,8,17.0,1.96,0.33,0.06,0.38,0,0,28,2155.0,77.0,63.0,23.9,25,83.0,14,3,28.0,0,2.0,53.0,28.0,25.0,1.04,-0.38,23.9,6,0,0,9,9,2,166,29,27,,,0
Virgil van Dijk,Liverpool,NED,DF,32,1991,ENG-Premier League,2324,36,36,3177,35.3,2,2,4,2,0,0,3,1,0.06,0.06,0.11,0.06,0.11,35.3,2,45,14,31.1,1.27,0.4,0.04,0.14,0,0,36,3177.0,88.0,92.9,35.3,36,88.0,35,0,,0,2.11,78.0,40.0,38.0,1.08,-1.52,35.3,3,1,0,23,13,1,0,35,23,,,0
Wataru Endo,Liverpool,JPN,MF,30,1993,ENG-Premier League,2324,29,20,1722,19.1,1,0,1,1,0,0,10,0,0.05,0.0,0.05,0.05,0.05,19.1,1,10,3,30.0,0.52,0.16,0.1,0.33,0,0,29,1722.0,59.0,50.4,19.1,20,79.0,11,9,15.0,4,2.21,42.0,16.0,26.0,1.36,0.35,19.1,10,0,0,50,25,0,4,19,28,,,0
Albert Sambi Lokonga,Luton Town,BEL,MF,23,1999,ENG-Premier League,2324,17,16,1303,14.5,1,3,4,1,0,0,4,0,0.07,0.21,0.28,0.07,0.28,14.5,1,8,2,25.0,0.55,0.14,0.13,0.5,0,0,17,1303.0,77.0,38.1,14.5,16,80.0,8,1,19.0,0,0.76,22.0,31.0,-9.0,-0.62,0.4,14.5,4,0,0,18,27,0,13,11,18,,,0
Alfie Doughty,Luton Town,ENG,"MF,DF",23,1999,ENG-Premier League,2324,37,34,2925,32.5,2,8,10,2,0,0,5,0,0.06,0.25,0.31,0.06,0.31,32.5,2,26,8,30.8,0.8,0.25,0.08,0.25,0,0,37,2925.0,79.0,85.5,32.5,34,84.0,18,3,22.0,0,0.7,46.0,74.0,-28.0,-0.86,0.05,32.5,5,0,0,31,9,14,340,30,37,,,0
Amari'i Bell,Luton Town,JAM,DF,29,1994,ENG-Premier League,2324,21,21,1720,19.1,0,0,0,0,0,0,0,0,0.0,0.0,0.0,0.0,0.0,19.1,0,2,2,100.0,0.1,0.1,0.0,0.0,0,0,21,1720.0,82.0,50.3,19.1,21,82.0,18,0,,0,0.86,30.0,41.0,-11.0,-0.58,0.59,19.1,0,0,0,22,16,0,14,26,31,,,0
Andros Townsend,Luton Town,ENG,"MF,FW",32,1991,ENG-Premier League,2324,27,14,1210,13.4,1,3,4,1,0,0,1,0,0.07,0.22,0.3,0.07,0.3,13.4,1,20,7,35.0,1.49,0.52,0.05,0.14,0,0,27,1210.0,45.0,35.4,13.4,14,67.0,1,13,21.0,3,0.78,16.0,26.0,-10.0,-0.74,0.19,13.4,1,0,0,12,12,2,74,4,13,,,0
Carlton Morris,Luton Town,ENG,"FW,MF",27,1995,ENG-Premier League,2324,38,32,2862,31.8,11,4,15,6,5,5,4,0,0.35,0.13,0.47,0.19,0.31,31.8,11,73,31,42.5,2.3,0.97,0.08,0.19,5,5,38,2862.0,75.0,83.7,31.8,32,86.0,22,6,21.0,0,0.68,40.0,73.0,-33.0,-1.04,-1.04,31.8,4,0,0,50,43,10,15,1,9,,,0
Cauley Woodrow,Luton Town,ENG,FW,28,1994,ENG-Premier League,2324,24,2,427,4.7,1,1,2,1,0,0,2,0,0.21,0.21,0.42,0.21,0.42,4.7,1,16,4,25.0,3.37,0.84,0.06,0.25,0,0,24,427.0,18.0,12.5,4.7,2,62.0,0,22,14.0,8,0.63,10.0,12.0,-2.0,-0.42,0.51,4.7,2,0,0,8,4,2,10,1,10,,,0
Chiedozie Ogbene,Luton Town,IRL,MF,26,1997,ENG-Premier League,2324,30,20,1995,22.2,4,1,5,4,0,0,1,0,0.18,0.05,0.23,0.18,0.23,22.2,4,35,14,40.0,1.58,0.63,0.11,0.29,0,0,30,1995.0,67.0,58.3,22.2,20,87.0,14,10,27.0,0,0.73,35.0,47.0,-12.0,-0.54,0.78,22.2,1,0,0,9,50,7,79,7,9,,,0
Daiki Hashioka,Luton Town,JPN,"DF,MF",24,1999,ENG-Premier League,2324,10,6,595,6.6,0,0,0,0,0,0,0,0,0.0,0.0,0.0,0.0,0.0,6.6,0,2,0,0.0,0.3,0.0,0.0,,0,0,10,595.0,60.0,17.4,6.6,6,77.0,3,4,33.0,3,0.4,10.0,21.0,-11.0,-1.66,-0.96,6.6,0,0,0,10,6,0,9,8,6,,,2
Elijah Adebayo,Luton Town,ENG,FW,25,1998,ENG-Premier League,2324,27,16,1419,15.8,10,0,10,10,0,0,1,0,0.63,0.0,0.63,0.63,0.63,15.8,10,30,14,46.7,1.9,0.89,0.33,0.71,0,0,27,1419.0,53.0,41.5,15.8,16,77.0,5,11,16.0,0,0.78,30.0,35.0,-5.0,-0.32,0.94,15.8,1,0,0,28,16,13,5,4,1,,,0
Fred Onyedinma,Luton Town,ENG,MF,26,1996,ENG-Premier League,2324,8,4,407,4.5,0,0,0,0,0,0,1,0,0.0,0.0,0.0,0.0,0.0,4.5,0,5,2,40.0,1.11,0.44,0.0,0.0,0,0,8,407.0,51.0,11.9,4.5,4,76.0,0,4,26.0,1,0.5,6.0,14.0,-8.0,-1.77,-1.02,4.5,1,0,0,10,6,0,13,1,5,,,0
Gabriel Osho,Luton Town,NGA,DF,24,1998,ENG-Premier League,2324,21,21,1846,20.5,2,0,2,2,0,0,3,0,0.1,0.0,0.1,0.1,0.1,20.5,2,10,2,20.0,0.49,0.1,0.2,1.0,0,0,21,1846.0,88.0,54.0,20.5,21,88.0,19,0,,1,0.81,31.0,47.0,-16.0,-0.78,0.19,20.5,3,0,0,23,14,1,3,28,23,,,0
Issa Kaboré,Luton Town,BFA,"MF,DF",22,2001,ENG-Premier League,2324,24,21,1729,19.2,0,2,2,0,0,0,7,0,0.0,0.1,0.1,0.0,0.1,19.2,0,6,1,16.7,0.31,0.05,0.0,0.0,0,0,24,1729.0,72.0,50.6,19.2,21,79.0,13,3,24.0,4,0.58,23.0,39.0,-16.0,-0.83,0.07,19.2,7,0,0,27,30,2,65,15,28,,,1
Jacob Brown,Luton Town,SCO,"MF,FW",25,1998,ENG-Premier League,2324,19,12,1019,11.3,2,0,2,2,0,0,4,0,0.18,0.0,0.18,0.18,0.18,11.3,2,25,7,28.0,2.21,0.62,0.08,0.29,0,0,19,1019.0,54.0,29.8,11.3,12,73.0,4,7,21.0,2,0.84,16.0,26.0,-10.0,-0.88,-0.02,11.3,4,0,0,19,19,6,9,9,12,,,0
Jordan Clark,Luton Town,ENG,MF,29,1993,ENG-Premier League,2324,23,14,1304,14.5,1,1,2,1,0,0,4,0,0.07,0.07,0.14,0.07,0.14,14.5,1,17,4,23.5,1.17,0.28,0.06,0.25,0,0,23,1304.0,57.0,38.1,14.5,14,78.0,4,9,24.0,4,0.57,22.0,41.0,-19.0,-1.31,-0.72,14.5,4,0,0,12,26,4,23,10,16,,,0
Joseph Johnson,Luton Town,ENG,DF,17,2006,ENG-Premier League,2324,2,0,77,0.9,0,0,0,0,0,0,1,0,0.0,0.0,0.0,0.0,0.0,0.9,0,0,0,,0.0,0.0,,,0,0,2,77.0,39.0,2.3,0.9,0,,0,2,39.0,17,0.0,2.0,5.0,-3.0,-3.51,-2.7,0.9,1,0,0,1,0,0,0,0,0,,,0
Luke Berry,Luton Town,ENG,MF,31,1992,ENG-Premier League,2324,17,2,323,3.6,2,1,3,2,0,0,1,0,0.56,0.28,0.84,0.56,0.84,3.6,2,8,4,50.0,2.23,1.11,0.25,0.5,0,0,17,323.0,19.0,9.4,3.6,2,69.0,0,15,12.0,16,0.59,8.0,8.0,0.0,0.0,0.96,3.6,1,0,0,6,7,0,8,0,2,,,0
Mads Juel Andersen,Luton Town,DEN,DF,25,1997,ENG-Premier League,2324,8,4,400,4.4,1,0,1,1,0,0,1,0,0.23,0.0,0.23,0.23,0.23,4.4,1,3,1,33.3,0.68,0.23,0.33,1.0,0,0,8,400.0,50.0,11.7,4.4,4,78.0,2,4,22.0,4,1.13,2.0,6.0,-4.0,-0.9,-0.04,4.4,1,0,0,6,2,0,0,8,5,,,0
Marvelous Nakamba,Luton Town,ZIM,MF,29,1994,ENG-Premier League,2324,13,13,1130,12.6,0,0,0,0,0,0,5,0,0.0,0.0,0.0,0.0,0.0,12.6,0,5,0,0.0,0.4,0.0,0.0,,0,0,13,1130.0,87.0,33.0,12.6,13,87.0,10,0,,0,0.46,10.0,24.0,-14.0,-1.12,-0.37,12.6,5,0,0,24,9,0,4,10,26,,,0
Pelly Ruddock Mpanzu,Luton Town,COD,MF,30,1993,ENG-Premier League,2324,27,11,1101,12.2,0,0,0,0,0,0,1,0,0.0,0.0,0.0,0.0,0.0,12.2,0,11,1,9.1,0.9,0.08,0.0,0.0,0,0,27,1101.0,41.0,32.2,12.2,11,74.0,3,16,18.0,11,0.7,13.0,29.0,-16.0,-1.31,-0.65,12.2,1,0,0,9,15,0,10,9,5,,,0
Reece Burke,Luton Town,ENG,DF,26,1996,ENG-Premier League,2324,22,20,1660,18.4,0,4,4,0,0,0,5,0,0.0,0.22,0.22,0.0,0.22,18.4,0,13,4,30.8,0.7,0.22,0.0,0.0,0,0,22,1660.0,75.0,48.5,18.4,20,79.0,12,2,41.0,3,0.68,24.0,37.0,-13.0,-0.7,0.32,18.4,5,0,0,20,12,0,13,21,24,,,0
Ross Barkley,Luton Town,ENG,MF,29,1993,ENG-Premier League,2324,32,30,2618,29.1,5,4,9,5,0,0,6,0,0.17,0.14,0.31,0.17,0.31,29.1,5,66,19,28.8,2.27,0.65,0.08,0.26,0,0,32,2618.0,82.0,76.5,29.1,30,86.0,24,2,15.0,0,0.69,43.0,66.0,-23.0,-0.79,0.33,29.1,6,0,0,25,39,0,46,25,20,,,0
Ryan Giles,Luton Town,ENG,"MF,DF",23,2000,ENG-Premier League,2324,11,5,503,5.6,0,0,0,0,0,0,0,0,0.0,0.0,0.0,0.0,0.0,5.6,0,2,2,100.0,0.36,0.36,0.0,0.0,0,0,11,503.0,46.0,14.7,5.6,5,81.0,2,6,17.0,9,0.64,4.0,14.0,-10.0,-1.79,-1.08,5.6,0,0,0,2,1,0,49,4,6,,,0
Tahith Chong,Luton Town,CUW,"MF,FW",23,1999,ENG-Premier League,2324,33,20,1982,22.0,4,0,4,4,0,0,4,0,0.18,0.0,0.18,0.18,0.18,22.0,4,30,7,23.3,1.36,0.32,0.13,0.57,0,0,33,1982.0,60.0,58.0,22.0,20,80.0,6,13,29.0,5,0.45,26.0,51.0,-25.0,-1.14,-0.63,22.0,4,0,0,21,65,5,35,7,20,,,0
Teden Mengi,Luton Town,ENG,DF,21,2002,ENG-Premier League,2324,30,28,2469,27.4,1,0,1,1,0,0,3,0,0.04,0.0,0.04,0.04,0.04,27.4,1,11,4,36.4,0.4,0.15,0.09,0.25,0,0,30,2469.0,82.0,72.2,27.4,28,86.0,25,2,34.0,3,0.73,38.0,59.0,-21.0,-0.77,0.37,27.4,3,0,0,35,7,1,2,54,22,,,0
Tom Lockyer,Luton Town,WAL,DF,28,1994,ENG-Premier League,2324,14,14,1169,13.0,1,1,2,1,0,0,4,0,0.08,0.08,0.15,0.08,0.15,13.0,1,7,1,14.3,0.54,0.08,0.14,1.0,0,0,14,1169.0,84.0,34.2,13.0,14,84.0,10,0,,0,0.64,12.0,23.0,-11.0,-0.85,0.03,13.0,4,0,0,15,10,0,1,23,16,,,1
Zack Nelson,Luton Town,ENG,MF,18,2005,ENG-Premier League,2324,2,0,7,0.1,0,0,0,0,0,0,0,0,0.0,0.0,0.0,0.0,0.0,0.1,0,0,0,,0.0,0.0,,,0,0,2,7.0,4.0,0.2,0.1,0,,0,2,4.0,14,0.5,1.0,1.0,0.0,0.0,0.87,0.1,0,0,0,0,0,0,0,0,0,,,0
Aymeric Laporte,Manchester City,ESP,DF,29,1994,ENG-Premier League,2324,1,0,12,0.1,0,0,0,0,0,0,0,0,0.0,0.0,0.0,0.0,0.0,0.1,0,1,1,100.0,7.5,7.5,0.0,0.0,0,0,1,12.0,12.0,0.4,0.1,0,,0,1,12.0,0,3.0,0.0,0.0,0.0,0.0,-1.64,0.1,0,0,0,0,0,0,0,0,0,,,0
Bernardo Silva,Manchester City,POR,MF,28,1994,ENG-Premier League,2324,33,29,2578,28.6,6,9,15,6,0,0,8,0,0.21,0.31,0.52,0.21,0.52,28.6,6,34,15,44.1,1.19,0.52,0.18,0.4,0,0,33,2578.0,78.0,75.4,28.6,29,87.0,22,4,14.0,2,2.39,71.0,26.0,45.0,1.57,-0.25,28.6,8,0,0,22,26,3,83,14,24,,,0
Cole Palmer,Manchester City,ENG,"FW,MF",21,2002,ENG-Premier League,2324,1,0,11,0.1,0,0,0,0,0,0,0,0,0.0,0.0,0.0,0.0,0.0,0.1,0,0,0,,0.0,0.0,,,0,0,1,11.0,11.0,0.3,0.1,0,,0,1,11.0,2,3.0,0.0,0.0,0.0,0.0,-1.64,0.1,0,0,0,1,0,0,0,0,0,,,0
Erling Haaland,Manchester City,NOR,"FW,MF",23,2000,ENG-Premier League,2324,31,29,2552,28.4,27,5,32,20,7,8,1,0,0.95,0.18,1.13,0.71,0.88,28.4,27,121,59,48.8,4.27,2.08,0.17,0.34,7,8,31,2552.0,82.0,74.6,28.4,29,86.0,20,2,25.0,1,2.32,64.0,26.0,38.0,1.34,-1.15,28.4,1,0,0,18,30,6,5,2,3,,,0
Jack Grealish,Manchester City,ENG,"MF,FW",27,1995,ENG-Premier League,2324,20,10,1009,11.2,3,1,4,3,0,0,6,0,0.27,0.09,0.36,0.27,0.36,11.2,3,22,5,22.7,1.96,0.45,0.14,0.6,0,0,20,1009.0,50.0,29.5,11.2,10,83.0,7,10,18.0,9,2.45,26.0,13.0,13.0,1.16,-0.67,11.2,6,0,0,6,41,2,16,6,8,,,0
James Mcatee,Manchester City,ENG,MF,20,2002,ENG-Premier League,2324,1,0,1,0.0,0,0,0,0,0,0,0,0,0.0,0.0,0.0,0.0,0.0,0.0,0,0,0,,0.0,0.0,,,0,0,1,1.0,1.0,0.0,0.0,0,,0,1,1.0,2,3.0,0.0,0.0,0.0,0.0,-1.63,0.0,0,0,0,0,0,0,0,0,0,,,0
Jeremy Doku,Manchester City,BEL,"MF,FW",21,2002,ENG-Premier League,2324,29,18,1595,17.7,3,8,11,3,0,0,3,0,0.17,0.45,0.62,0.17,0.62,17.7,3,56,19,33.9,3.16,1.07,0.05,0.16,0,0,29,1595.0,55.0,46.6,17.7,18,76.0,7,11,20.0,2,2.38,50.0,19.0,31.0,1.75,0.22,17.7,3,0,0,15,32,4,61,9,22,,,0
John Stones,Manchester City,ENG,DF,29,1994,ENG-Premier League,2324,16,12,1064,11.8,1,0,1,1,0,0,2,0,0.08,0.0,0.08,0.08,0.08,11.8,1,4,2,50.0,0.34,0.17,0.25,0.5,0,0,16,1064.0,67.0,31.1,11.8,12,83.0,9,4,17.0,11,2.38,25.0,9.0,16.0,1.35,-0.4,11.8,2,0,0,3,5,0,5,10,1,,,0
Joško Gvardiol,Manchester City,CRO,DF,21,2002,ENG-Premier League,2324,28,26,2328,25.9,4,1,5,4,0,0,3,0,0.15,0.04,0.19,0.15,0.19,25.9,4,32,14,43.8,1.24,0.54,0.13,0.29,0,0,28,2328.0,83.0,68.1,25.9,26,87.0,22,2,30.0,7,2.5,68.0,23.0,45.0,1.74,0.34,25.9,3,0,0,20,23,2,33,27,33,,,0
Julián Álvarez,Manchester City,ARG,"MF,FW",23,2000,ENG-Premier League,2324,36,31,2647,29.4,11,8,19,9,2,2,2,0,0.37,0.27,0.65,0.31,0.58,29.4,11,98,40,40.8,3.33,1.36,0.09,0.23,2,2,36,2647.0,74.0,77.4,29.4,31,83.0,15,5,13.0,2,2.42,76.0,24.0,52.0,1.77,0.6,29.4,2,0,0,23,13,3,137,2,13,,,0
Kalvin Phillips,Manchester City,ENG,"DF,MF",27,1995,ENG-Premier League,2324,4,0,93,1.0,0,0,0,0,0,0,0,0,0.0,0.0,0.0,0.0,0.0,1.0,0,2,0,0.0,1.94,0.0,0.0,,0,0,4,93.0,23.0,2.7,1.0,0,,0,4,23.0,16,2.25,3.0,2.0,1.0,0.97,-0.68,1.0,0,0,0,3,2,0,2,2,3,,,0
Kevin De Bruyne,Manchester City,BEL,MF,32,1991,ENG-Premier League,2324,18,15,1221,13.6,4,10,14,4,0,0,2,0,0.29,0.74,1.03,0.29,1.03,13.6,4,44,17,38.6,3.24,1.25,0.09,0.24,0,0,18,1221.0,68.0,35.7,13.6,15,77.0,5,3,21.0,3,2.67,40.0,9.0,31.0,2.29,1.02,13.6,2,0,0,11,13,1,136,3,9,,,0
Kyle Walker,Manchester City,ENG,"DF,MF",33,1990,ENG-Premier League,2324,32,30,2767,30.7,0,4,4,0,0,0,2,0,0.0,0.13,0.13,0.0,0.13,30.7,0,16,3,18.8,0.52,0.1,0.0,0.0,0,0,32,2767.0,86.0,80.9,30.7,30,89.0,27,2,52.0,3,2.34,78.0,29.0,49.0,1.59,-0.2,30.7,2,0,0,23,18,7,59,24,24,,,0
Manuel Akanji,Manchester City,SUI,"DF,MF",28,1995,ENG-Premier League,2324,30,28,2511,27.9,2,0,2,2,0,0,4,1,0.07,0.0,0.07,0.07,0.07,27.9,2,15,5,33.3,0.54,0.18,0.13,0.4,0,0,30,2511.0,84.0,73.4,27.9,28,88.0,25,2,23.0,4,2.4,72.0,23.0,49.0,1.76,0.47,27.9,4,1,1,17,19,0,9,22,28,,,0
Mateo Kovačić,Manchester City,CRO,MF,29,1994,ENG-Premier League,2324,30,16,1551,17.2,1,0,1,1,0,0,4,0,0.06,0.0,0.06,0.06,0.06,17.2,1,22,5,22.7,1.28,0.29,0.05,0.2,0,0,30,1551.0,52.0,45.4,17.2,16,81.0,7,14,18.0,4,2.43,45.0,14.0,31.0,1.8,0.31,17.2,4,0,0,16,15,0,0,10,26,,,0
Matheus Nunes,Manchester City,POR,"MF,FW",24,1998,ENG-Premier League,2324,17,7,661,7.3,0,2,2,0,0,0,0,0,0.0,0.27,0.27,0.0,0.27,7.3,0,9,4,44.4,1.23,0.54,0.0,0.0,0,0,17,661.0,39.0,19.3,7.3,7,71.0,3,10,16.0,16,2.47,18.0,8.0,10.0,1.36,-0.33,7.3,0,0,0,8,16,2,19,1,6,,,0
Nathan Aké,Manchester City,NED,DF,28,1995,ENG-Premier League,2324,29,24,2042,22.7,2,2,4,2,0,0,0,0,0.09,0.09,0.18,0.09,0.18,22.7,2,20,5,25.0,0.88,0.22,0.1,0.4,0,0,29,2042.0,70.0,59.7,22.7,24,83.0,19,5,12.0,6,2.38,55.0,20.0,35.0,1.54,-0.22,22.7,0,0,0,10,18,0,11,15,16,,,0
Oscar Bobb,Manchester City,NOR,MF,20,2003,ENG-Premier League,2324,14,2,302,3.4,1,1,2,1,0,0,0,0,0.3,0.3,0.6,0.3,0.6,3.4,1,4,2,50.0,1.19,0.6,0.25,0.5,0,0,14,302.0,22.0,8.8,3.4,2,75.0,1,12,13.0,21,2.57,12.0,4.0,8.0,2.38,0.83,3.4,0,0,0,2,3,0,5,5,3,,,0
Phil Foden,Manchester City,ENG,MF,23,2000,ENG-Premier League,2324,35,33,2857,31.7,19,8,27,19,0,0,2,0,0.6,0.25,0.85,0.6,0.85,31.7,19,105,48,45.7,3.31,1.51,0.18,0.4,0,0,35,2857.0,82.0,83.5,31.7,33,85.0,19,2,25.0,2,2.34,74.0,27.0,47.0,1.48,-0.92,31.7,2,0,0,14,60,5,88,12,20,,,0
Rico Lewis,Manchester City,ENG,"DF,MF",18,2004,ENG-Premier League,2324,16,8,809,9.0,2,0,2,2,0,0,1,0,0.22,0.0,0.22,0.22,0.22,9.0,2,5,4,80.0,0.56,0.44,0.4,0.5,0,0,16,809.0,51.0,23.7,9.0,8,83.0,4,8,19.0,22,2.25,26.0,8.0,18.0,2.0,0.49,9.0,1,0,0,7,20,0,1,4,7,,,0
Rodri,Manchester City,ESP,"MF,DF",27,1996,ENG-Premier League,2324,34,34,2931,32.6,8,9,17,8,0,0,8,1,0.25,0.28,0.52,0.25,0.52,32.6,8,62,22,35.5,1.9,0.68,0.13,0.36,0,0,34,2931.0,86.0,85.7,32.6,34,86.0,27,0,,1,2.59,87.0,26.0,61.0,1.87,1.69,32.6,8,1,0,41,35,6,12,25,43,,,0
Rúben Dias,Manchester City,POR,"DF,MF",26,1997,ENG-Premier League,2324,30,28,2559,28.4,0,0,0,0,0,0,0,0,0.0,0.0,0.0,0.0,0.0,28.4,0,20,8,40.0,0.7,0.28,0.0,0.0,0,0,30,2559.0,85.0,74.8,28.4,28,90.0,28,2,20.0,5,2.3,65.0,28.0,37.0,1.3,-1.31,28.4,0,0,0,23,15,0,13,30,21,,,1
Sergio Gómez,Manchester City,ESP,"DF,MF",22,2000,ENG-Premier League,2324,6,0,53,0.6,0,1,1,0,0,0,0,0,0.0,1.7,1.7,0.0,1.7,0.6,0,2,0,0.0,3.4,0.0,0.0,,0,0,6,53.0,9.0,1.5,0.6,0,,0,6,9.0,26,3.0,3.0,1.0,2.0,3.4,1.79,0.6,0,0,0,2,0,1,4,1,0,,,0
Aaron Wan-Bissaka,Manchester Utd,COD,DF,25,1997,ENG-Premier League,2324,22,20,1780,19.8,0,2,2,0,0,0,4,0,0.0,0.1,0.1,0.0,0.1,19.8,0,3,1,33.3,0.15,0.05,0.0,0.0,0,0,22,1780.0,81.0,52.0,19.8,20,88.0,16,2,11.0,3,1.32,30.0,34.0,-4.0,-0.2,-0.37,19.8,4,0,0,17,9,0,12,39,25,,,0
Alejandro Garnacho,Manchester Utd,ARG,MF,19,2004,ENG-Premier League,2324,36,30,2565,28.5,7,4,11,7,0,0,4,0,0.25,0.14,0.39,0.25,0.39,28.5,7,100,28,28.0,3.51,0.98,0.07,0.25,0,0,36,2565.0,71.0,75.0,28.5,30,82.0,12,6,19.0,2,1.5,43.0,39.0,4.0,0.14,0.67,28.5,4,0,0,20,54,15,59,18,15,,,0
Amad Diallo,Manchester Utd,CIV,MF,21,2002,ENG-Premier League,2324,9,3,390,4.3,1,1,2,1,0,0,1,0,0.23,0.23,0.46,0.23,0.46,4.3,1,10,4,40.0,2.31,0.92,0.1,0.25,0,0,9,390.0,43.0,11.4,4.3,3,75.0,0,6,28.0,8,1.22,10.0,6.0,4.0,0.92,1.07,4.3,1,0,0,5,4,0,1,1,4,,,0
Anthony Martial,Manchester Utd,FRA,FW,27,1995,ENG-Premier League,2324,13,5,448,5.0,1,0,1,1,0,0,0,0,0.2,0.0,0.2,0.2,0.2,5.0,1,6,4,66.7,1.21,0.8,0.17,0.25,0,0,13,448.0,34.0,13.1,5.0,5,65.0,0,8,16.0,3,1.38,11.0,6.0,5.0,1.0,1.19,5.0,0,0,0,3,6,3,0,0,1,,,0
Antony,Manchester Utd,BRA,MF,23,2000,ENG-Premier League,2324,29,15,1324,14.7,1,1,2,1,0,0,5,0,0.07,0.07,0.14,0.07,0.14,14.7,1,43,16,37.2,2.92,1.09,0.02,0.06,0,0,29,1324.0,46.0,38.7,14.7,15,73.0,3,14,16.0,4,1.41,20.0,26.0,-6.0,-0.41,-0.62,14.7,5,0,0,19,32,2,15,11,22,,,0
Bruno Fernandes,Manchester Utd,POR,MF,28,1994,ENG-Premier League,2324,35,35,3118,34.6,10,8,18,6,4,5,9,0,0.29,0.23,0.52,0.17,0.4,34.6,10,95,41,43.2,2.74,1.18,0.06,0.15,4,5,35,3118.0,89.0,91.2,34.6,35,89.0,33,0,,0,1.69,55.0,52.0,3.0,0.09,1.28,34.6,9,0,0,41,27,13,225,25,37,,,0
Casemiro,Manchester Utd,BRA,"MF,DF",31,1992,ENG-Premier League,2324,25,24,1982,22.0,1,2,3,1,0,0,7,0,0.05,0.09,0.14,0.05,0.14,22.0,1,39,9,23.1,1.77,0.41,0.03,0.11,0,0,25,1982.0,79.0,58.0,22.0,24,82.0,18,1,11.0,1,1.6,36.0,34.0,2.0,0.09,0.28,22.0,7,0,0,30,10,6,13,18,54,,,0
Christian Eriksen,Manchester Utd,DEN,MF,31,1992,ENG-Premier League,2324,22,12,1141,12.7,1,2,3,1,0,0,1,0,0.08,0.16,0.24,0.08,0.24,12.7,1,13,4,30.8,1.03,0.32,0.08,0.25,0,0,22,1141.0,52.0,33.4,12.7,12,78.0,5,10,20.0,11,1.45,20.0,27.0,-7.0,-0.55,-0.79,12.7,1,0,0,6,3,1,42,4,14,,,0
Daniel Gore,Manchester Utd,ENG,MF,18,2004,ENG-Premier League,2324,1,0,1,0.0,0,0,0,0,0,0,0,0,0.0,0.0,0.0,0.0,0.0,0.0,0,0,0,,0.0,0.0,,,0,0,1,1.0,1.0,0.0,0.0,0,,0,1,1.0,6,3.0,0.0,0.0,0.0,0.0,0.03,0.0,0,0,0,0,1,0,0,1,1,,,0
Diogo Dalot,Manchester Utd,POR,DF,24,1999,ENG-Premier League,2324,36,35,3174,35.3,2,3,5,2,0,0,6,1,0.06,0.09,0.14,0.06,0.14,35.3,2,30,7,23.3,0.85,0.2,0.07,0.29,0,0,36,3174.0,88.0,92.8,35.3,35,90.0,34,1,25.0,1,1.58,56.0,55.0,1.0,0.03,0.76,35.3,6,1,1,45,14,2,81,38,50,,,0
Donny van de Beek,Manchester Utd,NED,MF,26,1997,ENG-Premier League,2324,1,0,3,0.0,0,0,0,0,0,0,0,0,0.0,0.0,0.0,0.0,0.0,0.0,0,1,0,0.0,30.0,0.0,0.0,,0,0,1,3.0,3.0,0.1,0.0,0,,0,1,3.0,11,0.0,0.0,0.0,0.0,0.0,0.03,0.0,0,0,0,0,0,0,0,0,0,,,0
Ethan Wheatley,Manchester Utd,ENG,FW,17,2006,ENG-Premier League,2324,3,0,16,0.2,0,0,0,0,0,0,0,0,0.0,0.0,0.0,0.0,0.0,0.2,0,0,0,,0.0,0.0,,,0,0,3,16.0,5.0,0.5,0.2,0,,0,3,5.0,2,1.0,0.0,0.0,0.0,0.0,0.03,0.2,0,0,0,3,0,0,0,2,1,,,0
Facundo Pellistri,Manchester Utd,URU,MF,21,2001,ENG-Premier League,2324,9,1,172,1.9,0,1,1,0,0,0,0,0,0.0,0.52,0.52,0.0,0.52,1.9,0,4,2,50.0,2.09,1.05,0.0,0.0,0,0,9,172.0,19.0,5.0,1.9,1,60.0,0,8,14.0,11,1.11,2.0,2.0,0.0,0.0,0.03,1.9,0,0,0,4,6,0,5,1,2,,,0
Hannibal Mejbri,Manchester Utd,TUN,MF,20,2003,ENG-Premier League,2324,5,1,133,1.5,1,0,1,1,0,0,1,0,0.68,0.0,0.68,0.68,0.68,1.5,1,1,1,100.0,0.68,0.68,1.0,1.0,0,0,5,133.0,27.0,3.9,1.5,1,90.0,1,4,11.0,9,2.0,2.0,1.0,1.0,0.68,0.73,1.5,1,0,0,5,6,1,1,0,3,,,0
Harry Maguire,Manchester Utd,ENG,DF,30,1993,ENG-Premier League,2324,22,18,1653,18.4,2,2,4,2,0,0,4,0,0.11,0.11,0.22,0.11,0.22,18.4,2,20,3,15.0,1.09,0.16,0.1,0.67,0,0,22,1653.0,75.0,48.3,18.4,18,88.0,17,4,20.0,3,1.68,33.0,29.0,4.0,0.22,0.47,18.4,4,0,0,21,10,6,4,24,17,,,0
Jadon Sancho,Manchester Utd,ENG,"FW,MF",23,2000,ENG-Premier League,2324,3,0,79,0.9,0,0,0,0,0,0,0,0,0.0,0.0,0.0,0.0,0.0,0.9,0,0,0,,0.0,0.0,,,0,0,3,79.0,26.0,2.3,0.9,0,,0,3,26.0,0,2.0,2.0,1.0,1.0,1.14,1.19,0.9,0,0,0,0,2,1,1,1,1,,,0
Jonny Evans,Manchester Utd,NIR,DF,35,1988,ENG-Premier League,2324,23,15,1392,15.5,0,1,1,0,0,0,2,0,0.0,0.06,0.06,0.0,0.06,15.5,0,1,0,0.0,0.06,0.0,0.0,,0,0,23,1392.0,61.0,40.7,15.5,15,85.0,9,8,15.0,3,1.65,21.0,24.0,-3.0,-0.19,-0.28,15.5,2,0,0,17,13,0,0,23,15,,,0
Kobbie Mainoo,Manchester Utd,ENG,MF,18,2005,ENG-Premier League,2324,24,24,1924,21.4,3,1,4,3,0,0,3,0,0.14,0.05,0.19,0.14,0.19,21.4,3,11,5,45.5,0.51,0.23,0.27,0.6,0,0,24,1924.0,80.0,56.3,21.4,24,80.0,7,0,,5,1.5,33.0,31.0,2.0,0.09,0.27,21.4,3,0,0,16,23,0,7,22,26,,,0
Lisandro Martínez,Manchester Utd,ARG,DF,25,1998,ENG-Premier League,2324,11,8,646,7.2,0,1,1,0,0,0,3,0,0.0,0.14,0.14,0.0,0.14,7.2,0,0,0,,0.0,0.0,,,0,0,11,646.0,59.0,18.9,7.2,8,74.0,2,3,19.0,0,1.82,12.0,12.0,0.0,0.0,0.03,7.2,3,0,0,6,3,0,2,5,9,,,1
Luke Shaw,Manchester Utd,ENG,DF,28,1995,ENG-Premier League,2324,12,12,959,10.7,0,0,0,0,0,0,6,0,0.0,0.0,0.0,0.0,0.0,10.7,0,2,0,0.0,0.19,0.0,0.0,,0,0,12,959.0,80.0,28.0,10.7,12,80.0,7,0,,0,1.83,16.0,13.0,3.0,0.28,0.43,10.7,6,0,0,14,3,0,33,6,9,,,0
Marcus Rashford,Manchester Utd,ENG,"MF,FW",25,1997,ENG-Premier League,2324,33,26,2271,25.2,7,2,9,5,2,2,2,0,0.28,0.08,0.36,0.2,0.28,25.2,7,62,21,33.9,2.46,0.83,0.08,0.24,2,2,33,2271.0,69.0,66.4,25.2,26,83.0,12,7,17.0,0,1.61,36.0,37.0,-1.0,-0.04,-0.04,25.2,2,0,0,12,21,12,35,4,13,,,0
Mason Mount,Manchester Utd,ENG,MF,24,1999,ENG-Premier League,2324,14,5,516,5.7,1,0,1,1,0,0,2,0,0.17,0.0,0.17,0.17,0.17,5.7,1,5,1,20.0,0.87,0.17,0.2,1.0,0,0,14,516.0,37.0,15.1,5.7,5,74.0,0,9,16.0,0,1.36,3.0,13.0,-10.0,-1.74,-2.02,5.7,2,0,0,10,9,0,14,6,14,,,0
Omari Forson,Manchester Utd,ENG,MF,19,2004,ENG-Premier League,2324,4,1,70,0.8,0,1,1,0,0,0,0,0,0.0,1.29,1.29,0.0,1.29,0.8,0,1,0,0.0,1.29,0.0,0.0,,0,0,4,70.0,18.0,2.0,0.8,1,52.0,0,3,6.0,9,0.75,1.0,2.0,-1.0,-1.29,-1.29,0.8,0,0,0,1,0,0,0,0,0,,,0
Raphaël Varane,Manchester Utd,FRA,DF,30,1993,ENG-Premier League,2324,22,16,1375,15.3,1,0,1,1,0,0,2,0,0.07,0.0,0.07,0.07,0.07,15.3,1,8,2,25.0,0.52,0.13,0.13,0.5,0,0,22,1375.0,63.0,40.2,15.3,16,81.0,12,6,12.0,4,1.91,25.0,23.0,2.0,0.13,0.26,15.3,2,0,0,8,3,2,0,14,10,,,0
Rasmus Højlund,Manchester Utd,DEN,FW,20,2003,ENG-Premier League,2324,30,25,2158,24.0,10,2,12,10,0,0,2,0,0.42,0.08,0.5,0.42,0.5,24.0,10,38,21,55.3,1.58,0.88,0.26,0.48,0,0,30,2158.0,72.0,63.1,24.0,25,81.0,8,5,26.0,0,1.6,36.0,35.0,1.0,0.04,0.18,24.0,2,0,0,20,30,15,6,1,6,,,0
Scott McTominay,Manchester Utd,SCO,"MF,FW",26,1996,ENG-Premier League,2324,32,18,1901,21.1,7,1,8,7,0,0,2,0,0.33,0.05,0.38,0.33,0.38,21.1,7,44,19,43.2,2.08,0.9,0.16,0.37,0,0,32,1901.0,59.0,55.6,21.1,18,88.0,16,14,23.0,2,1.81,31.0,30.0,1.0,0.05,0.17,21.1,2,0,0,27,21,6,4,14,23,,,0
Sergio Reguilón,Manchester Utd,ESP,DF,26,1996,ENG-Premier League,2324,9,4,412,4.6,0,0,0,0,0,0,3,0,0.0,0.0,0.0,0.0,0.0,4.6,0,4,0,0.0,0.87,0.0,0.0,,0,0,9,412.0,46.0,12.0,4.6,4,83.0,1,5,16.0,5,1.0,4.0,7.0,-3.0,-0.66,-0.72,4.6,3,0,0,4,11,3,30,5,9,,,0
Sofyan Amrabat,Manchester Utd,MAR,"MF,DF",26,1996,ENG-Premier League,2324,21,10,938,10.4,0,0,0,0,0,0,6,0,0.0,0.0,0.0,0.0,0.0,10.4,0,3,0,0.0,0.29,0.0,0.0,,0,0,21,938.0,45.0,27.4,10.4,10,83.0,6,11,10.0,8,1.71,8.0,15.0,-7.0,-0.67,-0.89,10.4,6,0,0,24,10,0,7,8,15,,,0
Victor Lindelöf,Manchester Utd,SWE,DF,29,1994,ENG-Premier League,2324,19,14,1328,14.8,1,1,2,1,0,0,2,0,0.07,0.07,0.14,0.07,0.14,14.8,1,6,4,66.7,0.41,0.27,0.17,0.25,0,0,19,1328.0,70.0,38.8,14.8,14,82.0,7,5,37.0,2,1.95,18.0,15.0,3.0,0.2,0.38,14.8,2,0,0,15,2,3,1,13,11,,,0
Willy Kambwala,Manchester Utd,FRA,DF,18,2004,ENG-Premier League,2324,8,3,330,3.7,0,0,0,0,0,0,1,0,0.0,0.0,0.0,0.0,0.0,3.7,0,0,0,,0.0,0.0,,,0,0,8,330.0,41.0,9.6,3.7,3,88.0,2,5,13.0,8,1.0,5.0,10.0,-5.0,-1.36,-1.48,3.7,1,0,0,4,2,0,0,4,1,,,0
Alex Murphy,Newcastle United,IRL,DF,19,2004,ENG-Premier League,2324,2,0,13,0.1,0,0,0,0,0,0,0,0,0.0,0.0,0.0,0.0,0.0,0.1,0,0,0,,0.0,0.0,,,0,0,2,13.0,7.0,0.4,0.1,0,,0,2,7.0,17,3.0,0.0,0.0,0.0,0.0,-0.61,0.1,0,0,0,2,0,0,0,1,1,,,0
Alexander Isak,Newcastle United,SWE,FW,23,1999,ENG-Premier League,2324,30,27,2255,25.1,21,2,23,16,5,6,1,0,0.84,0.08,0.92,0.64,0.72,25.1,21,78,43,55.1,3.11,1.72,0.21,0.37,5,6,30,2255.0,75.0,65.9,25.1,27,80.0,13,3,32.0,1,1.5,51.0,41.0,10.0,0.4,-0.61,25.1,1,0,0,14,16,17,10,6,0,,,0
Amadou Diallo,Newcastle United,ENG,FW,20,2003,ENG-Premier League,2324,1,0,1,0.0,0,0,0,0,0,0,0,0,0.0,0.0,0.0,0.0,0.0,0.0,0,0,0,,0.0,0.0,,,0,0,1,1.0,1.0,0.0,0.0,0,,0,1,1.0,5,3.0,0.0,0.0,0.0,0.0,-0.61,0.0,0,0,0,0,0,0,0,0,0,,,0
Anthony Gordon,Newcastle United,ENG,FW,22,2001,ENG-Premier League,2324,35,34,2890,32.1,11,10,21,10,1,1,12,1,0.34,0.31,0.65,0.31,0.62,32.1,11,81,31,38.3,2.52,0.97,0.12,0.32,1,1,35,2890.0,83.0,84.5,32.1,34,83.0,16,1,79.0,0,1.57,70.0,48.0,22.0,0.69,0.52,32.1,12,1,1,38,64,8,111,6,33,,,0
Ben Parkinson,Newcastle United,ENG,FW,18,2005,ENG-Premier League,2324,1,0,25,0.3,0,0,0,0,0,0,0,0,0.0,0.0,0.0,0.0,0.0,0.3,0,0,0,,0.0,0.0,,,0,0,1,25.0,25.0,0.7,0.3,0,,0,1,25.0,8,0.0,0.0,1.0,-1.0,-3.6,-4.24,0.3,0,0,0,0,0,1,0,0,0,,,0
Bruno Guimarães,Newcastle United,BRA,MF,25,1997,ENG-Premier League,2324,37,37,3263,36.3,7,8,15,7,0,0,9,0,0.19,0.22,0.41,0.19,0.41,36.3,7,48,16,33.3,1.32,0.44,0.15,0.44,0,0,37,3263.0,88.0,95.4,36.3,37,88.0,31,0,,0,1.62,81.0,60.0,21.0,0.58,-0.57,36.3,9,0,0,50,108,0,33,31,52,,,0
Callum Wilson,Newcastle United,ENG,FW,31,1992,ENG-Premier League,2324,20,9,991,11.0,9,1,10,7,2,2,3,0,0.82,0.09,0.91,0.64,0.73,11.0,9,35,21,60.0,3.18,1.91,0.2,0.33,2,2,20,991.0,50.0,29.0,11.0,9,80.0,5,11,25.0,0,1.65,30.0,15.0,15.0,1.36,1.07,11.0,3,0,0,15,17,4,3,1,3,,,0
Dan Burn,Newcastle United,ENG,DF,31,1992,ENG-Premier League,2324,33,32,2726,30.3,2,2,4,2,0,0,4,0,0.07,0.07,0.13,0.07,0.13,30.3,2,23,6,26.1,0.76,0.2,0.09,0.33,0,0,33,2726.0,83.0,79.7,30.3,32,85.0,24,1,18.0,0,1.64,74.0,45.0,29.0,0.96,1.74,30.3,4,0,0,32,11,4,11,35,34,,,0
Elliot Anderson,Newcastle United,ENG,"MF,FW",20,2002,ENG-Premier League,2324,21,10,1027,11.4,0,2,2,0,0,0,3,0,0.0,0.18,0.18,0.0,0.18,11.4,0,19,5,26.3,1.67,0.44,0.0,0.0,0,0,21,1027.0,49.0,30.0,11.4,10,80.0,3,11,21.0,0,1.86,30.0,14.0,16.0,1.4,1.14,11.4,3,0,0,22,19,1,19,9,18,,,0
Emil Krafth,Newcastle United,SWE,DF,28,1994,ENG-Premier League,2324,17,8,913,10.1,0,0,0,0,0,0,2,0,0.0,0.0,0.0,0.0,0.0,10.1,0,4,0,0.0,0.39,0.0,0.0,,0,0,17,913.0,54.0,26.7,10.1,8,90.0,8,9,21.0,11,1.71,26.0,15.0,11.0,1.08,0.65,10.1,2,0,0,11,7,0,17,8,11,,,0
Fabian Schär,Newcastle United,SUI,DF,31,1991,ENG-Premier League,2324,36,35,3054,33.9,4,1,5,4,0,0,5,0,0.12,0.03,0.15,0.12,0.15,33.9,4,35,9,25.7,1.03,0.27,0.11,0.44,0,0,36,3054.0,85.0,89.3,33.9,35,86.0,31,1,28.0,0,1.56,72.0,58.0,14.0,0.41,-1.8,33.9,5,0,0,37,26,0,8,33,25,,,0
Harvey Barnes,Newcastle United,ENG,"FW,MF",25,1997,ENG-Premier League,2324,21,7,802,8.9,5,3,8,5,0,0,2,0,0.56,0.34,0.9,0.56,0.9,8.9,5,27,12,44.4,3.03,1.35,0.19,0.42,0,0,21,802.0,38.0,23.5,8.9,7,67.0,1,14,24.0,0,1.76,24.0,10.0,14.0,1.57,1.26,8.9,2,0,0,4,21,2,12,3,1,,,0
Jacob Murphy,Newcastle United,ENG,"FW,MF",28,1995,ENG-Premier League,2324,21,14,1189,13.2,3,7,10,3,0,0,1,0,0.23,0.53,0.76,0.23,0.76,13.2,3,30,10,33.3,2.27,0.76,0.1,0.3,0,0,21,1189.0,57.0,34.8,13.2,14,75.0,5,7,20.0,5,1.95,40.0,21.0,19.0,1.44,1.28,13.2,1,0,0,7,15,1,78,5,12,,,0
Jamaal Lascelles,Newcastle United,ENG,DF,29,1993,ENG-Premier League,2324,16,13,1080,12.0,1,0,1,1,0,0,4,0,0.08,0.0,0.08,0.08,0.08,12.0,1,6,1,16.7,0.5,0.08,0.17,1.0,0,0,16,1080.0,68.0,31.6,12.0,13,80.0,9,3,15.0,10,1.44,23.0,15.0,8.0,0.67,0.09,12.0,4,0,0,17,2,1,1,5,9,,,0
Joe White,Newcastle United,ENG,MF,20,2002,ENG-Premier League,2324,4,0,13,0.1,0,0,0,0,0,0,1,0,0.0,0.0,0.0,0.0,0.0,0.1,0,0,0,,0.0,0.0,,,0,0,4,13.0,3.0,0.4,0.1,0,,0,4,3.0,10,1.0,2.0,0.0,2.0,13.85,13.29,0.1,1,0,0,2,0,0,0,0,1,,,0
Joe Willock,Newcastle United,ENG,MF,23,1999,ENG-Premier League,2324,9,5,419,4.7,1,0,1,1,0,0,0,0,0.21,0.0,0.21,0.21,0.21,4.7,1,7,4,57.1,1.5,0.86,0.14,0.25,0,0,9,419.0,47.0,12.3,4.7,5,67.0,0,4,22.0,0,1.56,6.0,9.0,-3.0,-0.64,-1.42,4.7,0,0,0,3,3,1,6,1,7,,,0
Joelinton,Newcastle United,BRA,"MF,FW",26,1996,ENG-Premier League,2324,20,15,1279,14.2,2,1,3,2,0,0,6,0,0.14,0.07,0.21,0.14,0.21,14.2,2,19,9,47.4,1.34,0.63,0.11,0.22,0,0,20,1279.0,64.0,37.4,14.2,15,79.0,8,5,18.0,0,1.45,26.0,23.0,3.0,0.21,-0.63,14.2,6,0,0,28,22,0,2,19,26,,,0
Kieran Trippier,Newcastle United,ENG,DF,32,1990,ENG-Premier League,2324,28,26,2236,24.8,1,10,11,1,0,0,5,0,0.04,0.4,0.44,0.04,0.44,24.8,1,8,2,25.0,0.32,0.08,0.13,0.5,0,0,28,2236.0,80.0,65.4,24.8,26,86.0,21,2,6.0,0,1.46,49.0,43.0,6.0,0.24,-1.05,24.8,5,0,0,27,21,3,214,24,27,,,0
Lewis Hall,Newcastle United,ENG,DF,18,2004,ENG-Premier League,2324,18,8,781,8.7,1,0,1,1,0,0,2,0,0.12,0.0,0.12,0.12,0.12,8.7,1,11,4,36.4,1.27,0.46,0.09,0.25,0,0,18,781.0,43.0,22.8,8.7,8,82.0,3,10,13.0,15,1.44,23.0,12.0,11.0,1.27,0.86,8.7,2,0,0,5,5,0,23,13,17,,,0
Lewis Miley,Newcastle United,ENG,MF,17,2006,ENG-Premier League,2324,17,14,1202,13.4,1,3,4,1,0,0,1,0,0.07,0.22,0.3,0.07,0.3,13.4,1,13,3,23.1,0.97,0.22,0.08,0.33,0,0,17,1202.0,71.0,35.1,13.4,14,80.0,6,3,29.0,1,1.18,27.0,29.0,-2.0,-0.15,-1.16,13.4,1,0,0,5,6,2,12,8,21,,,0
Matt Ritchie,Newcastle United,SCO,"DF,MF",33,1989,ENG-Premier League,2324,13,0,128,1.4,1,0,1,1,0,0,1,0,0.7,0.0,0.7,0.7,0.7,1.4,1,6,4,66.7,4.22,2.81,0.17,0.25,0,0,13,128.0,10.0,3.7,1.4,0,,0,13,10.0,18,1.92,3.0,5.0,-2.0,-1.41,-2.09,1.4,1,0,0,2,1,0,7,1,3,,,0
Matt Targett,Newcastle United,ENG,DF,27,1995,ENG-Premier League,2324,3,1,78,0.9,0,0,0,0,0,0,1,0,0.0,0.0,0.0,0.0,0.0,0.9,0,0,0,,0.0,0.0,,,0,0,3,78.0,26.0,2.3,0.9,1,73.0,0,2,3.0,8,0.33,0.0,4.0,-4.0,-4.62,-5.34,0.9,1,0,0,0,2,0,0,0,0,,,0
Michael Ndiweni,Newcastle United,ENG,MF,19,2003,ENG-Premier League,2324,1,0,1,0.0,0,0,0,0,0,0,0,0,0.0,0.0,0.0,0.0,0.0,0.0,0,0,0,,0.0,0.0,,,0,0,1,1.0,1.0,0.0,0.0,0,,0,1,1.0,0,3.0,0.0,0.0,0.0,0.0,-0.61,0.0,0,0,0,0,0,0,0,0,0,,,0
Miguel Almirón,Newcastle United,PAR,FW,29,1994,ENG-Premier League,2324,33,23,1937,21.5,3,1,4,3,0,0,2,0,0.14,0.05,0.19,0.14,0.19,21.5,3,41,12,29.3,1.91,0.56,0.07,0.25,0,0,33,1937.0,59.0,56.6,21.5,23,74.0,5,10,23.0,0,1.52,39.0,40.0,-1.0,-0.05,-1.5,21.5,2,0,0,16,22,10,24,10,24,,,0
Paul Dummett,Newcastle United,WAL,DF,31,1991,ENG-Premier League,2324,5,0,20,0.2,0,0,0,0,0,0,0,0,0.0,0.0,0.0,0.0,0.0,0.2,0,1,0,0.0,4.5,0.0,0.0,,0,0,5,20.0,4.0,0.6,0.2,0,,0,5,4.0,24,2.6,0.0,1.0,-1.0,-4.5,-5.14,0.2,0,0,0,1,0,0,0,0,0,,,0
Sandro Tonali,Newcastle United,ITA,MF,23,2000,ENG-Premier League,2324,8,5,438,4.9,1,0,1,1,0,0,2,0,0.21,0.0,0.21,0.21,0.21,4.9,1,3,2,66.7,0.62,0.41,0.33,0.5,0,0,8,438.0,55.0,12.8,4.9,5,74.0,1,3,22.0,1,1.63,10.0,5.0,5.0,1.03,0.48,4.9,2,0,0,9,6,0,11,2,7,,,0
Sean Longstaff,Newcastle United,ENG,MF,25,1997,ENG-Premier League,2324,35,30,2747,30.5,6,2,8,6,0,0,7,0,0.2,0.07,0.26,0.2,0.26,30.5,6,41,15,36.6,1.34,0.49,0.15,0.4,0,0,35,2747.0,78.0,80.3,30.5,30,88.0,25,5,24.0,0,1.54,74.0,50.0,24.0,0.79,0.92,30.5,7,0,0,24,33,2,25,16,31,,,0
Sven Botman,Newcastle United,NED,DF,23,2000,ENG-Premier League,2324,17,15,1377,15.3,2,2,4,2,0,0,2,0,0.13,0.13,0.26,0.13,0.26,15.3,2,10,2,20.0,0.65,0.13,0.2,1.0,0,0,17,1377.0,81.0,40.3,15.3,15,88.0,12,2,31.0,0,1.35,37.0,29.0,8.0,0.52,-0.14,15.3,2,0,0,9,2,1,0,9,13,,,1
Valentino Livramento,Newcastle United,ENG,DF,20,2002,ENG-Premier League,2324,26,12,1314,14.6,1,0,1,1,0,0,1,0,0.07,0.0,0.07,0.07,0.07,14.6,1,4,2,50.0,0.27,0.14,0.25,0.5,0,0,26,1314.0,51.0,38.4,14.6,12,84.0,8,14,22.0,7,1.73,31.0,27.0,4.0,0.27,-0.54,14.6,1,0,0,3,28,1,26,24,14,,,0
Andrew Omobamidele,Nottingham Forest,IRL,DF,21,2002,ENG-Premier League,2324,11,8,783,8.7,0,0,0,0,0,0,2,0,0.0,0.0,0.0,0.0,0.0,8.7,0,1,0,0.0,0.11,0.0,0.0,,0,0,11,783.0,71.0,22.9,8.7,8,90.0,8,3,21.0,8,0.73,12.0,15.0,-3.0,-0.34,0.17,8.7,2,0,0,6,3,0,0,12,3,,,1
Andrey Santos,Nottingham Forest,BRA,MF,19,2004,ENG-Premier League,2324,1,0,8,0.1,0,0,0,0,0,0,0,0,0.0,0.0,0.0,0.0,0.0,0.1,0,2,0,0.0,22.5,0.0,0.0,,0,0,1,8.0,8.0,0.2,0.1,0,,0,1,8.0,5,0.0,0.0,0.0,0.0,0.0,0.47,0.1,0,0,0,0,0,0,0,0,0,,,0
Anthony Elanga,Nottingham Forest,SWE,"MF,FW",21,2002,ENG-Premier League,2324,36,25,2433,27.0,5,9,14,5,0,0,1,0,0.18,0.33,0.52,0.18,0.52,27.0,5,54,23,42.6,2.0,0.85,0.09,0.22,0,0,36,2433.0,68.0,71.1,27.0,25,86.0,15,11,27.0,0,0.97,40.0,47.0,-7.0,-0.26,0.74,27.0,1,0,0,9,26,19,57,8,19,,,0
Brandon Aguilera,Nottingham Forest,CRC,MF,20,2003,ENG-Premier League,2324,1,0,5,0.1,0,0,0,0,0,0,0,0,0.0,0.0,0.0,0.0,0.0,0.1,0,0,0,,0.0,0.0,,,0,0,1,5.0,5.0,0.1,0.1,0,,0,1,5.0,3,0.0,0.0,0.0,0.0,0.0,0.47,0.1,0,0,0,3,0,0,0,0,0,,,0
Brennan Johnson,Nottingham Forest,WAL,"FW,MF",22,2001,ENG-Premier League,2324,3,3,237,2.6,0,0,0,0,0,0,0,0,0.0,0.0,0.0,0.0,0.0,2.6,0,3,0,0.0,1.14,0.0,0.0,,0,0,3,237.0,79.0,6.9,2.6,3,79.0,0,0,,0,1.0,4.0,5.0,-1.0,-0.38,0.1,2.6,0,0,0,1,7,1,2,0,0,,,0
Callum Hudson-Odoi,Nottingham Forest,ENG,"MF,FW",22,2000,ENG-Premier League,2324,29,20,1854,20.6,8,1,9,8,0,0,0,0,0.39,0.05,0.44,0.39,0.44,20.6,8,38,20,52.6,1.84,0.97,0.21,0.4,0,0,29,1854.0,64.0,54.2,20.6,20,82.0,9,9,24.0,1,0.86,32.0,41.0,-9.0,-0.44,0.08,20.6,0,0,0,14,30,9,73,6,8,,,0
Cheikhou Kouyaté,Nottingham Forest,SEN,MF,33,1989,ENG-Premier League,2324,12,2,212,2.4,0,0,0,0,0,0,2,0,0.0,0.0,0.0,0.0,0.0,2.4,0,5,1,20.0,2.12,0.42,0.0,0.0,0,0,12,212.0,18.0,6.2,2.4,2,64.0,0,10,8.0,18,1.33,1.0,6.0,-5.0,-2.12,-1.76,2.4,2,0,0,6,2,0,0,2,5,,,0
Chris Wood,Nottingham Forest,NZL,FW,31,1991,ENG-Premier League,2324,31,20,1812,20.1,14,1,15,14,0,0,0,0,0.7,0.05,0.75,0.7,0.75,20.1,14,48,26,54.2,2.38,1.29,0.29,0.54,0,0,31,1812.0,58.0,53.0,20.1,20,83.0,13,11,14.0,0,0.94,28.0,34.0,-6.0,-0.3,0.37,20.1,0,0,0,22,13,7,2,1,4,,,0
Danilo Santos,Nottingham Forest,BRA,MF,22,2001,ENG-Premier League,2324,29,20,1792,19.9,2,2,4,2,0,0,4,0,0.1,0.1,0.2,0.1,0.2,19.9,2,23,7,30.4,1.16,0.35,0.09,0.29,0,0,29,1792.0,62.0,52.4,19.9,20,80.0,7,9,20.0,2,1.03,31.0,42.0,-11.0,-0.55,-0.17,19.9,4,0,0,13,9,2,26,33,22,,,0
Divock Origi,Nottingham Forest,BEL,"MF,FW",28,1995,ENG-Premier League,2324,20,6,606,6.7,0,1,1,0,0,0,1,0,0.0,0.15,0.15,0.0,0.15,6.7,0,14,4,28.6,2.08,0.59,0.0,0.0,0,0,20,606.0,30.0,17.7,6.7,6,57.0,0,14,19.0,7,0.6,4.0,6.0,-2.0,-0.3,0.21,6.7,1,0,0,14,8,5,13,2,4,,,0
Felipe,Nottingham Forest,BRA,DF,34,1989,ENG-Premier League,2324,7,4,375,4.2,0,0,0,0,0,0,4,0,0.0,0.0,0.0,0.0,0.0,4.2,0,3,0,0.0,0.72,0.0,0.0,,0,0,7,375.0,54.0,11.0,4.2,4,75.0,2,3,25.0,5,0.75,4.0,11.0,-7.0,-1.68,-1.35,4.2,4,0,0,10,2,0,0,4,9,,,0
Gio Reyna,Nottingham Forest,USA,MF,20,2002,ENG-Premier League,2324,9,2,235,2.6,0,1,1,0,0,0,0,0,0.0,0.38,0.38,0.0,0.38,2.6,0,5,2,40.0,1.91,0.77,0.0,0.0,0,0,9,235.0,26.0,6.9,2.6,2,61.0,0,7,16.0,4,0.67,3.0,3.0,0.0,0.0,0.51,2.6,0,0,0,3,2,0,8,2,3,,,0
Gonzalo Montiel,Nottingham Forest,ARG,DF,26,1997,ENG-Premier League,2324,14,8,801,8.9,0,2,2,0,0,0,5,0,0.0,0.22,0.22,0.0,0.22,8.9,0,3,0,0.0,0.34,0.0,0.0,,0,0,14,801.0,57.0,23.4,8.9,8,77.0,2,6,32.0,10,1.29,13.0,11.0,2.0,0.22,0.91,8.9,5,0,0,6,1,2,16,7,19,,,0
Harry Toffolo,Nottingham Forest,ENG,"DF,MF",27,1995,ENG-Premier League,2324,23,15,1459,16.2,1,3,4,1,0,0,3,0,0.06,0.19,0.25,0.06,0.25,16.2,1,8,5,62.5,0.49,0.31,0.13,0.2,0,0,23,1459.0,63.0,42.7,16.2,15,88.0,12,8,18.0,9,0.91,18.0,29.0,-11.0,-0.68,-0.36,16.2,3,0,0,17,2,0,46,12,15,,,0
Ibrahim Sangaré,Nottingham Forest,CIV,MF,25,1997,ENG-Premier League,2324,17,13,1035,11.5,0,0,0,0,0,0,6,0,0.0,0.0,0.0,0.0,0.0,11.5,0,8,0,0.0,0.7,0.0,0.0,,0,0,17,1035.0,61.0,30.3,11.5,13,73.0,4,4,20.0,7,0.88,12.0,16.0,-4.0,-0.35,0.18,11.5,6,0,0,22,9,2,2,14,22,,,0
Joe Worrall,Nottingham Forest,ENG,DF,26,1997,ENG-Premier League,2324,7,5,439,4.9,0,0,0,0,0,0,0,1,0.0,0.0,0.0,0.0,0.0,4.9,0,2,0,0.0,0.41,0.0,0.0,,0,0,7,439.0,63.0,12.8,4.9,5,85.0,3,2,7.0,7,1.57,7.0,8.0,-1.0,-0.21,0.31,4.9,0,1,0,3,2,0,0,3,5,,,0
Morgan Gibbs-White,Nottingham Forest,ENG,"MF,FW",23,2000,ENG-Premier League,2324,37,35,3156,35.1,5,10,15,4,1,1,9,0,0.14,0.29,0.43,0.11,0.4,35.1,5,71,15,21.1,2.02,0.43,0.06,0.27,1,1,37,3156.0,85.0,92.3,35.1,35,88.0,27,2,38.0,0,0.97,46.0,59.0,-13.0,-0.37,1.33,35.1,9,0,0,37,57,6,181,18,24,,,0
Moussa Niakhate,Nottingham Forest,SEN,DF,27,1996,ENG-Premier League,2324,21,15,1460,16.2,1,0,1,1,0,0,5,1,0.06,0.0,0.06,0.06,0.06,16.2,1,5,1,20.0,0.31,0.06,0.2,1.0,0,0,21,1460.0,70.0,42.7,16.2,15,87.0,13,6,25.0,12,0.95,20.0,35.0,-15.0,-0.92,-0.79,16.2,5,1,1,11,4,0,11,14,25,,,0
Murillo,Nottingham Forest,BRA,DF,21,2002,ENG-Premier League,2324,32,32,2789,31.0,0,2,2,0,0,0,5,0,0.0,0.06,0.06,0.0,0.06,31.0,0,17,6,35.3,0.55,0.19,0.0,0.0,0,0,32,2789.0,87.0,81.5,31.0,32,87.0,28,0,,0,0.91,41.0,56.0,-15.0,-0.48,-0.06,31.0,5,0,0,38,7,0,3,40,33,,,1
Neco Williams,Nottingham Forest,WAL,"DF,MF",22,2001,ENG-Premier League,2324,26,18,1637,18.2,0,1,1,0,0,0,4,0,0.0,0.05,0.05,0.0,0.05,18.2,0,15,4,26.7,0.82,0.22,0.0,0.0,0,0,26,1637.0,63.0,47.9,18.2,18,85.0,14,8,13.0,5,0.92,23.0,33.0,-10.0,-0.55,-0.15,18.2,4,0,0,23,30,4,69,23,39,,,0
Nicolás Domínguez,Nottingham Forest,ARG,MF,25,1998,ENG-Premier League,2324,26,19,1495,16.6,2,2,4,2,0,0,4,0,0.12,0.12,0.24,0.12,0.24,16.6,2,22,6,27.3,1.32,0.36,0.09,0.33,0,0,26,1495.0,58.0,43.7,16.6,19,74.0,3,7,12.0,6,0.92,16.0,27.0,-11.0,-0.66,-0.33,16.6,4,0,0,26,16,2,6,18,35,,,0
Nuno Tavares,Nottingham Forest,POR,DF,23,2000,ENG-Premier League,2324,8,5,457,5.1,0,0,0,0,0,0,2,0,0.0,0.0,0.0,0.0,0.0,5.1,0,7,1,14.3,1.38,0.2,0.0,0.0,0,0,8,457.0,57.0,13.4,5.1,5,80.0,4,3,20.0,5,1.13,8.0,9.0,-1.0,-0.2,0.32,5.1,2,0,0,8,2,0,16,1,7,,,0
Ola Aina,Nottingham Forest,NGA,"DF,MF",26,1996,ENG-Premier League,2324,22,20,1692,18.8,1,1,2,1,0,0,3,0,0.05,0.05,0.11,0.05,0.11,18.8,1,11,1,9.1,0.59,0.05,0.09,1.0,0,0,22,1692.0,77.0,49.5,18.8,20,84.0,9,2,5.0,3,1.0,27.0,39.0,-12.0,-0.64,-0.33,18.8,3,0,0,18,25,2,27,17,29,,,0
Orel Mangala,Nottingham Forest,BEL,MF,25,1998,ENG-Premier League,2324,20,19,1563,17.4,1,0,1,1,0,0,6,0,0.06,0.0,0.06,0.06,0.06,17.4,1,10,1,10.0,0.58,0.06,0.1,1.0,0,0,20,1563.0,78.0,45.7,17.4,19,82.0,10,1,4.0,1,0.85,16.0,31.0,-15.0,-0.86,-0.72,17.4,6,0,0,23,21,0,2,27,12,,,0
Rodrigo Ribeiro,Nottingham Forest,POR,FW,18,2005,ENG-Premier League,2324,4,0,17,0.2,0,0,0,0,0,0,0,0,0.0,0.0,0.0,0.0,0.0,0.2,0,0,0,,0.0,0.0,,,0,0,4,17.0,4.0,0.5,0.2,0,,0,4,4.0,8,1.25,0.0,0.0,0.0,0.0,0.48,0.2,0,0,0,1,0,0,0,1,0,,,0
Ryan Yates,Nottingham Forest,ENG,MF,25,1997,ENG-Premier League,2324,35,21,1992,22.1,1,1,2,1,0,0,6,0,0.05,0.05,0.09,0.05,0.09,22.1,1,32,7,21.9,1.45,0.32,0.03,0.14,0,0,35,1992.0,57.0,58.2,22.1,21,83.0,14,14,18.0,2,1.0,31.0,38.0,-7.0,-0.32,0.38,22.1,6,0,0,54,57,2,6,21,37,,,0
Scott McKenna,Nottingham Forest,SCO,DF,26,1996,ENG-Premier League,2324,5,5,416,4.6,0,0,0,0,0,0,0,0,0.0,0.0,0.0,0.0,0.0,4.6,0,2,0,0.0,0.43,0.0,0.0,,0,0,5,416.0,83.0,12.2,4.6,5,83.0,4,0,,1,1.4,7.0,6.0,1.0,0.22,0.79,4.6,0,0,0,3,2,0,0,4,0,,,0
Serge Aurier,Nottingham Forest,CIV,"DF,MF",30,1992,ENG-Premier League,2324,12,10,833,9.3,0,2,2,0,0,0,2,0,0.0,0.22,0.22,0.0,0.22,9.3,0,6,1,16.7,0.65,0.11,0.0,0.0,0,0,12,833.0,69.0,24.4,9.3,10,80.0,6,2,18.0,1,1.0,9.0,15.0,-6.0,-0.65,-0.23,9.3,2,0,0,8,9,0,22,8,14,,,0
Taiwo Awoniyi,Nottingham Forest,NGA,FW,25,1997,ENG-Premier League,2324,20,12,1042,11.6,6,3,9,6,0,0,2,0,0.52,0.26,0.78,0.52,0.78,11.6,6,22,11,50.0,1.9,0.95,0.27,0.55,0,0,20,1042.0,52.0,30.5,11.6,12,74.0,1,8,19.0,0,1.05,17.0,21.0,-4.0,-0.35,0.18,11.6,2,0,0,9,16,13,1,1,6,,,0
Willy Boly,Nottingham Forest,CIV,DF,32,1991,ENG-Premier League,2324,20,18,1438,16.0,2,1,3,2,0,0,3,1,0.13,0.06,0.19,0.13,0.19,16.0,2,14,6,42.9,0.88,0.38,0.14,0.33,0,0,20,1438.0,72.0,42.0,16.0,18,79.0,11,2,10.0,3,1.0,17.0,23.0,-6.0,-0.38,0.17,16.0,3,1,1,20,2,1,1,24,30,,,0
Andre Brooks,Sheffield United,JAM,MF,19,2003,ENG-Premier League,2324,20,12,938,10.4,0,0,0,0,0,0,1,0,0.0,0.0,0.0,0.0,0.0,10.4,0,9,2,22.2,0.86,0.19,0.0,0.0,0,0,20,938.0,47.0,27.4,10.4,12,62.0,0,8,24.0,11,0.25,5.0,29.0,-24.0,-2.3,-0.67,10.4,1,0,0,11,9,0,8,15,10,,,0
Anel Ahmedhodžić,Sheffield United,BIH,DF,24,1999,ENG-Premier League,2324,31,29,2649,29.4,2,0,2,2,0,0,11,1,0.07,0.0,0.07,0.07,0.07,29.4,2,19,5,26.3,0.65,0.17,0.11,0.4,0,0,31,2649.0,85.0,77.5,29.4,29,89.0,27,2,34.0,0,0.35,28.0,89.0,-61.0,-2.07,-1.14,29.4,11,1,1,34,13,2,6,33,35,,,0
Anis Ben Slimane,Sheffield United,TUN,MF,22,2001,ENG-Premier League,2324,15,4,419,4.7,0,0,0,0,0,0,2,0,0.0,0.0,0.0,0.0,0.0,4.7,0,8,3,37.5,1.72,0.64,0.0,0.0,0,0,15,419.0,28.0,12.3,4.7,4,61.0,0,11,16.0,13,0.33,2.0,14.0,-12.0,-2.58,-0.87,4.7,2,0,0,7,6,2,1,5,6,,,1
Antwoine Hackford,Sheffield United,ENG,FW,19,2004,ENG-Premier League,2324,2,0,13,0.1,0,0,0,0,0,0,0,0,0.0,0.0,0.0,0.0,0.0,0.1,0,0,0,,0.0,0.0,,,0,0,2,13.0,7.0,0.4,0.1,0,,0,2,7.0,0,0.0,0.0,1.0,-1.0,-6.92,-5.13,0.1,0,0,0,0,0,0,0,0,0,,,0
Auston Trusty,Sheffield United,USA,DF,24,1998,ENG-Premier League,2324,32,28,2572,28.6,0,0,0,0,0,0,4,0,0.0,0.0,0.0,0.0,0.0,28.6,0,8,2,25.0,0.28,0.07,0.0,0.0,0,0,32,2572.0,80.0,75.2,28.6,28,89.0,24,4,21.0,6,0.38,22.0,81.0,-59.0,-2.06,-1.0,28.6,4,0,0,23,12,3,6,34,29,,,0
Ben Brereton,Sheffield United,CHI,"FW,MF",24,1999,ENG-Premier League,2324,14,14,1105,12.3,6,1,7,5,1,1,3,0,0.49,0.08,0.57,0.41,0.49,12.3,6,35,19,54.3,2.85,1.55,0.14,0.26,1,1,14,1105.0,79.0,32.3,12.3,14,79.0,8,0,,1,0.29,16.0,37.0,-21.0,-1.71,0.16,12.3,3,0,0,11,19,10,9,3,4,,,0
Ben Osborn,Sheffield United,ENG,MF,28,1994,ENG-Premier League,2324,24,14,1367,15.2,0,2,2,0,0,0,3,0,0.0,0.13,0.13,0.0,0.13,15.2,0,4,0,0.0,0.26,0.0,0.0,,0,0,24,1367.0,57.0,40.0,15.2,14,77.0,10,10,28.0,5,0.42,19.0,40.0,-21.0,-1.38,0.72,15.2,3,0,0,8,9,1,47,8,8,,,1
Bénie Traoré,Sheffield United,CIV,"FW,MF",20,2002,ENG-Premier League,2324,8,3,387,4.3,0,0,0,0,0,0,0,0,0.0,0.0,0.0,0.0,0.0,4.3,0,1,1,100.0,0.23,0.23,0.0,0.0,0,0,8,387.0,48.0,11.3,4.3,3,86.0,1,5,26.0,11,0.13,2.0,13.0,-11.0,-2.56,-0.84,4.3,0,0,0,10,4,1,3,1,2,,,0
Cameron Archer,Sheffield United,ENG,"FW,MF",22,2001,ENG-Premier League,2324,29,21,1832,20.4,4,1,5,4,0,0,1,0,0.2,0.05,0.25,0.2,0.25,20.4,4,42,11,26.2,2.06,0.54,0.1,0.36,0,0,29,1832.0,63.0,53.6,20.4,21,80.0,9,8,19.0,0,0.48,22.0,50.0,-28.0,-1.38,0.95,20.4,1,0,0,14,20,13,5,1,12,,,0
Chris Basham,Sheffield United,ENG,"DF,MF",35,1988,ENG-Premier League,2324,8,3,321,3.6,0,0,0,0,0,0,1,0,0.0,0.0,0.0,0.0,0.0,3.6,0,2,0,0.0,0.56,0.0,0.0,,0,0,8,321.0,40.0,9.4,3.6,3,68.0,1,5,24.0,0,0.13,2.0,6.0,-4.0,-1.12,0.77,3.6,1,0,0,3,3,2,4,4,2,,,0
Daniel Jebbison,Sheffield United,CAN,FW,19,2003,ENG-Premier League,2324,1,0,21,0.2,0,0,0,0,0,0,0,0,0.0,0.0,0.0,0.0,0.0,0.2,0,0,0,,0.0,0.0,,,0,0,1,21.0,21.0,0.6,0.2,0,,0,1,21.0,0,0.0,0.0,0.0,0.0,0.0,1.83,0.2,0,0,0,0,0,0,0,0,0,,,0
George Baldock,Sheffield United,GRE,"DF,MF",30,1993,ENG-Premier League,2324,13,11,969,10.8,0,1,1,0,0,0,4,0,0.0,0.09,0.09,0.0,0.09,10.8,0,1,0,0.0,0.09,0.0,0.0,,0,0,13,969.0,75.0,28.3,10.8,11,82.0,9,2,33.0,1,0.54,11.0,21.0,-10.0,-0.93,1.24,10.8,4,0,0,18,14,1,18,10,9,,,0
Gustavo Hamer,Sheffield United,NED,MF,26,1997,ENG-Premier League,2324,36,34,2910,32.3,4,6,10,4,0,0,9,0,0.12,0.19,0.31,0.12,0.31,32.3,4,49,15,30.6,1.52,0.46,0.08,0.27,0,0,36,2910.0,81.0,85.1,32.3,34,83.0,18,2,39.0,0,0.44,31.0,83.0,-52.0,-1.61,1.39,32.3,9,0,0,50,17,6,118,26,20,,,0
Jack Robinson,Sheffield United,ENG,DF,29,1993,ENG-Premier League,2324,34,31,2885,32.1,1,1,2,1,0,0,10,0,0.03,0.03,0.06,0.03,0.06,32.1,1,14,6,42.9,0.44,0.19,0.07,0.17,0,0,34,2885.0,85.0,84.4,32.1,31,89.0,27,3,40.0,0,0.47,30.0,83.0,-53.0,-1.65,1.04,32.1,10,0,0,19,16,1,12,29,30,,,2
James Mcatee,Sheffield United,ENG,"MF,FW",20,2002,ENG-Premier League,2324,30,20,1822,20.2,3,3,6,2,1,1,2,0,0.15,0.15,0.3,0.1,0.25,20.2,3,26,9,34.6,1.28,0.44,0.08,0.22,1,1,30,1822.0,61.0,53.3,20.2,20,78.0,7,10,25.0,2,0.5,19.0,65.0,-46.0,-2.27,-0.98,20.2,2,0,0,15,29,1,35,11,20,,,0
Jayden Bogle,Sheffield United,ENG,"MF,DF",23,2000,ENG-Premier League,2324,34,32,2788,31.0,3,0,3,3,0,0,9,0,0.1,0.0,0.1,0.1,0.1,31.0,3,32,11,34.4,1.03,0.36,0.09,0.27,0,0,34,2788.0,82.0,81.5,31.0,32,84.0,23,2,43.0,1,0.44,29.0,79.0,-50.0,-1.61,1.09,31.0,9,0,0,39,22,4,41,32,37,,,1
John Egan,Sheffield United,IRL,DF,30,1992,ENG-Premier League,2324,6,6,482,5.4,0,0,0,0,0,0,2,0,0.0,0.0,0.0,0.0,0.0,5.4,0,3,1,33.3,0.56,0.19,0.0,0.0,0,0,6,482.0,80.0,14.1,5.4,6,80.0,4,0,,0,0.17,4.0,17.0,-13.0,-2.43,-0.71,5.4,2,0,0,6,1,0,0,13,3,,,0
John Fleck,Sheffield United,SCO,MF,31,1991,ENG-Premier League,2324,4,1,92,1.0,0,0,0,0,0,0,1,0,0.0,0.0,0.0,0.0,0.0,1.0,0,0,0,,0.0,0.0,,,0,0,4,92.0,23.0,2.7,1.0,1,45.0,0,3,16.0,5,0.0,1.0,5.0,-4.0,-3.91,-2.16,1.0,1,0,0,2,2,0,0,0,0,,,0
Luke Thomas,Sheffield United,ENG,"MF,DF",22,2001,ENG-Premier League,2324,12,11,917,10.2,0,0,0,0,0,0,3,0,0.0,0.0,0.0,0.0,0.0,10.2,0,6,1,16.7,0.59,0.1,0.0,0.0,0,0,12,917.0,76.0,26.8,10.2,11,81.0,7,1,23.0,4,0.42,5.0,29.0,-24.0,-2.36,-0.74,10.2,3,0,0,10,13,0,13,10,9,,,0
Mason Holgate,Sheffield United,JAM,DF,26,1996,ENG-Premier League,2324,10,9,710,7.9,0,0,0,0,0,0,3,1,0.0,0.0,0.0,0.0,0.0,7.9,0,3,0,0.0,0.38,0.0,0.0,,0,0,10,710.0,71.0,20.8,7.9,9,76.0,4,1,22.0,2,0.5,11.0,22.0,-11.0,-1.39,0.53,7.9,3,1,0,8,4,0,7,10,7,,,0
Max Lowe,Sheffield United,ENG,"MF,DF",26,1997,ENG-Premier League,2324,10,4,503,5.6,0,0,0,0,0,0,1,0,0.0,0.0,0.0,0.0,0.0,5.6,0,2,0,0.0,0.36,0.0,0.0,,0,0,10,503.0,50.0,14.7,5.6,4,71.0,1,6,37.0,3,0.7,6.0,12.0,-6.0,-1.07,0.87,5.6,1,0,0,7,3,1,8,4,9,,,0
Oliver Arblaster,Sheffield United,ENG,MF,19,2004,ENG-Premier League,2324,12,11,943,10.5,0,0,0,0,0,0,2,0,0.0,0.0,0.0,0.0,0.0,10.5,0,1,1,100.0,0.1,0.1,0.0,0.0,0,0,12,943.0,79.0,27.6,10.5,11,83.0,7,1,27.0,2,0.25,13.0,28.0,-15.0,-1.43,0.53,10.5,2,0,0,10,12,0,7,15,17,,,1
Oliver McBurnie,Sheffield United,SCO,FW,27,1996,ENG-Premier League,2324,21,15,1280,14.2,6,3,9,4,2,2,7,2,0.42,0.21,0.63,0.28,0.49,14.2,6,33,17,51.5,2.32,1.2,0.12,0.24,2,2,21,1280.0,61.0,37.4,14.2,15,75.0,6,6,25.0,3,0.29,20.0,38.0,-18.0,-1.27,0.88,14.2,7,2,2,19,27,4,5,5,6,,,0
Oliver Norwood,Sheffield United,NIR,MF,32,1991,ENG-Premier League,2324,27,16,1440,16.0,1,0,1,0,1,1,8,0,0.06,0.0,0.06,0.0,0.0,16.0,1,15,6,40.0,0.94,0.37,0.0,0.0,1,1,27,1440.0,53.0,42.1,16.0,16,82.0,12,11,11.0,9,0.44,12.0,47.0,-35.0,-2.19,-0.64,16.0,8,0,0,15,9,0,52,19,26,,,0
Rhian Brewster,Sheffield United,ENG,FW,23,2000,ENG-Premier League,2324,13,3,346,3.8,0,0,0,0,0,0,0,1,0.0,0.0,0.0,0.0,0.0,3.8,0,7,3,42.9,1.82,0.78,0.0,0.0,0,0,13,346.0,27.0,10.1,3.8,3,61.0,0,10,16.0,1,0.54,0.0,8.0,-8.0,-2.08,-0.29,3.8,0,1,0,5,5,1,3,1,1,,,0
Rhys Norrington-Davies,Sheffield United,WAL,DF,24,1999,ENG-Premier League,2324,5,2,110,1.2,0,0,0,0,0,0,1,0,0.0,0.0,0.0,0.0,0.0,1.2,0,0,0,,0.0,0.0,,,0,0,5,110.0,22.0,3.2,1.2,2,27.0,0,3,19.0,1,0.8,1.0,6.0,-5.0,-4.09,-2.35,1.2,1,0,0,3,1,1,2,1,1,,,0
Ryan One,Sheffield United,SCO,MF,17,2006,ENG-Premier League,2324,1,0,8,0.1,0,0,0,0,0,0,0,0,0.0,0.0,0.0,0.0,0.0,0.1,0,0,0,,0.0,0.0,,,0,0,1,8.0,8.0,0.2,0.1,0,,0,1,8.0,3,0.0,0.0,2.0,-2.0,-22.5,-20.73,0.1,0,0,0,0,0,0,0,0,0,,,0
Sam Curtis,Sheffield United,IRL,DF,17,2005,ENG-Premier League,2324,1,0,28,0.3,0,0,0,0,0,0,0,0,0.0,0.0,0.0,0.0,0.0,0.3,0,0,0,,0.0,0.0,,,0,0,1,28.0,28.0,0.8,0.3,0,,0,1,28.0,8,0.0,0.0,0.0,0.0,0.0,1.83,0.3,0,0,0,0,0,0,1,0,0,,,0
Sydie Peck,Sheffield United,ENG,MF,18,2004,ENG-Premier League,2324,1,0,10,0.1,0,0,0,0,0,0,0,0,0.0,0.0,0.0,0.0,0.0,0.1,0,0,0,,0.0,0.0,,,0,0,1,10.0,10.0,0.3,0.1,0,,0,1,10.0,1,3.0,0.0,0.0,0.0,0.0,1.82,0.1,0,0,0,0,0,0,0,0,0,,,0
Tom Davies,Sheffield United,ENG,MF,25,1998,ENG-Premier League,2324,9,2,221,2.5,0,0,0,0,0,0,2,0,0.0,0.0,0.0,0.0,0.0,2.5,0,4,1,25.0,1.63,0.41,0.0,0.0,0,0,9,221.0,25.0,6.5,2.5,2,45.0,0,7,19.0,1,0.44,2.0,11.0,-9.0,-3.67,-1.98,2.5,2,0,0,7,2,0,4,3,5,,,0
Vinicius Souza,Sheffield United,BRA,MF,24,1999,ENG-Premier League,2324,36,29,2668,29.6,1,0,1,1,0,0,3,0,0.03,0.0,0.03,0.03,0.03,29.6,1,14,6,42.9,0.47,0.2,0.07,0.17,0,0,36,2668.0,74.0,78.0,29.6,29,84.0,20,7,32.0,2,0.44,27.0,80.0,-53.0,-1.79,0.13,29.6,3,0,0,48,14,2,10,30,73,,,0
William Osula,Sheffield United,DEN,FW,19,2003,ENG-Premier League,2324,21,9,786,8.7,0,0,0,0,0,0,4,0,0.0,0.0,0.0,0.0,0.0,8.7,0,21,8,38.1,2.4,0.92,0.0,0.0,0,0,21,786.0,37.0,23.0,8.7,9,60.0,1,12,20.0,9,0.29,4.0,23.0,-19.0,-2.18,-0.47,8.7,4,0,0,15,12,6,2,2,2,,,0
Yasser Larouci,Sheffield United,ALG,MF,22,2001,ENG-Premier League,2324,11,6,531,5.9,0,0,0,0,0,0,1,0,0.0,0.0,0.0,0.0,0.0,5.9,0,6,1,16.7,1.02,0.17,0.0,0.0,0,0,11,531.0,48.0,15.5,5.9,6,61.0,0,5,33.0,23,0.18,5.0,11.0,-6.0,-1.02,0.95,5.9,1,0,0,5,5,1,6,7,9,,,0
Alejo Véliz,Tottenham Hotspur,ARG,FW,19,2003,ENG-Premier League,2324,8,0,50,0.6,1,0,1,1,0,0,1,0,1.8,0.0,1.8,1.8,1.8,0.6,1,2,1,50.0,3.6,1.8,0.5,1.0,0,0,8,50.0,6.0,1.5,0.6,0,,0,8,6.0,5,1.88,3.0,2.0,1.0,1.8,1.48,0.6,1,0,0,0,1,3,0,0,0,,,0
Ben Davies,Tottenham Hotspur,WAL,DF,30,1993,ENG-Premier League,2324,17,12,1090,12.1,1,0,1,1,0,0,2,0,0.08,0.0,0.08,0.08,0.08,12.1,1,12,2,16.7,0.99,0.17,0.08,0.5,0,0,17,1090.0,64.0,31.9,12.1,12,86.0,10,5,12.0,13,1.82,25.0,21.0,4.0,0.33,-0.02,12.1,2,0,0,8,19,0,10,10,16,,,0
Brennan Johnson,Tottenham Hotspur,WAL,"MF,FW",22,2001,ENG-Premier League,2324,32,23,2085,23.2,5,10,15,5,0,0,3,0,0.22,0.43,0.65,0.22,0.65,23.2,5,50,21,42.0,2.16,0.91,0.1,0.24,0,0,32,2085.0,65.0,61.0,23.2,23,79.0,8,9,31.0,0,1.56,49.0,37.0,12.0,0.52,0.45,23.2,3,0,0,17,29,12,71,9,15,,,0
Bryan Gil,Tottenham Hotspur,ESP,MF,22,2001,ENG-Premier League,2324,11,2,209,2.3,0,0,0,0,0,0,0,0,0.0,0.0,0.0,0.0,0.0,2.3,0,4,1,25.0,1.72,0.43,0.0,0.0,0,0,11,209.0,19.0,6.1,2.3,2,58.0,0,9,10.0,13,1.09,4.0,11.0,-7.0,-3.01,-3.57,2.3,0,0,0,2,3,1,12,2,0,,,0
Cristian Romero,Tottenham Hotspur,ARG,DF,25,1998,ENG-Premier League,2324,33,33,2790,31.0,5,0,5,5,0,0,7,1,0.16,0.0,0.16,0.16,0.16,31.0,5,24,10,41.7,0.77,0.32,0.21,0.5,0,0,33,2790.0,85.0,81.6,31.0,33,85.0,30,0,,0,1.88,63.0,42.0,21.0,0.68,1.82,31.0,7,1,0,31,24,1,3,43,41,,,1
Dane Scarlett,Tottenham Hotspur,ENG,FW,19,2004,ENG-Premier League,2324,4,0,22,0.2,0,0,0,0,0,0,0,0,0.0,0.0,0.0,0.0,0.0,0.2,0,0,0,,0.0,0.0,,,0,0,4,22.0,6.0,0.6,0.2,0,,0,4,6.0,4,3.0,1.0,0.0,1.0,4.09,3.77,0.2,0,0,0,1,2,0,0,0,1,,,0
Davinson Sánchez,Tottenham Hotspur,COL,DF,27,1996,ENG-Premier League,2324,1,0,77,0.9,0,0,0,0,0,0,1,0,0.0,0.0,0.0,0.0,0.0,0.9,0,1,0,0.0,1.17,0.0,0.0,,0,0,1,77.0,77.0,2.3,0.9,0,,0,1,77.0,3,1.0,1.0,2.0,-1.0,-1.17,-1.55,0.9,1,0,0,2,1,0,0,1,0,,,0
Dejan Kulusevski,Tottenham Hotspur,SWE,"MF,FW",23,2000,ENG-Premier League,2324,36,31,2762,30.7,8,3,11,8,0,0,7,0,0.26,0.1,0.36,0.26,0.36,30.7,8,57,24,42.1,1.86,0.78,0.14,0.33,0,0,36,2762.0,77.0,80.8,30.7,31,85.0,21,5,26.0,0,1.72,57.0,46.0,11.0,0.36,0.08,30.7,7,0,0,54,29,10,89,17,33,,,0
Destiny Udogie,Tottenham Hotspur,ITA,DF,20,2002,ENG-Premier League,2324,28,28,2391,26.6,2,3,5,2,0,0,7,1,0.08,0.11,0.19,0.08,0.19,26.6,2,9,5,55.6,0.34,0.19,0.22,0.4,0,0,28,2391.0,85.0,69.9,26.6,28,85.0,21,0,,0,1.93,56.0,40.0,16.0,0.6,0.86,26.6,7,1,1,51,36,3,22,37,33,,,0
Emerson,Tottenham Hotspur,BRA,DF,24,1999,ENG-Premier League,2324,22,11,1161,12.9,1,0,1,1,0,0,4,0,0.08,0.0,0.08,0.08,0.08,12.9,1,6,3,50.0,0.47,0.23,0.17,0.33,0,0,22,1161.0,53.0,33.9,12.9,11,86.0,8,11,19.0,16,1.64,22.0,31.0,-9.0,-0.7,-1.57,12.9,4,0,0,14,38,0,14,18,24,,,0
Eric Dier,Tottenham Hotspur,ENG,DF,29,1994,ENG-Premier League,2324,4,1,201,2.2,0,0,0,0,0,0,0,0,0.0,0.0,0.0,0.0,0.0,2.2,0,0,0,,0.0,0.0,,,0,0,4,201.0,50.0,5.9,2.2,1,90.0,1,3,37.0,8,1.5,1.0,8.0,-7.0,-3.13,-3.69,2.2,0,0,0,0,1,2,0,1,1,,,0
Giovani Lo Celso,Tottenham Hotspur,ARG,MF,27,1996,ENG-Premier League,2324,22,4,506,5.6,2,2,4,2,0,0,2,0,0.36,0.36,0.71,0.36,0.71,5.6,2,13,6,46.2,2.31,1.07,0.15,0.33,0,0,22,506.0,23.0,14.8,5.6,4,78.0,0,18,11.0,6,1.32,12.0,12.0,0.0,0.0,-0.4,5.6,2,0,0,12,26,1,14,5,13,,,0
Ivan Perišić,Tottenham Hotspur,CRO,"FW,MF",34,1989,ENG-Premier League,2324,5,0,103,1.1,0,1,1,0,0,0,2,0,0.0,0.87,0.87,0.0,0.87,1.1,0,2,0,0.0,1.75,0.0,0.0,,0,0,5,103.0,21.0,3.0,1.1,0,,0,5,21.0,0,2.6,4.0,1.0,3.0,2.62,2.35,1.1,2,0,0,2,1,0,13,2,2,,,0
James Maddison,Tottenham Hotspur,ENG,MF,26,1996,ENG-Premier League,2324,28,26,2135,23.7,4,9,13,4,0,0,5,0,0.17,0.38,0.55,0.17,0.55,23.7,4,57,22,38.6,2.4,0.93,0.07,0.18,0,0,28,2135.0,76.0,62.4,23.7,26,80.0,4,2,29.0,0,1.86,47.0,30.0,17.0,0.72,1.0,23.7,5,0,0,21,74,2,134,14,19,,,0
Jamie Donley,Tottenham Hotspur,NIR,MF,18,2005,ENG-Premier League,2324,3,0,3,0.0,0,0,0,0,0,0,1,0,0.0,0.0,0.0,0.0,0.0,0.0,0,0,0,,0.0,0.0,,,0,0,3,3.0,1.0,0.1,0.0,0,,0,3,1.0,10,2.33,0.0,0.0,0.0,0.0,-0.34,0.0,1,0,0,1,1,0,0,0,0,,,0
Manor Solomon,Tottenham Hotspur,ISR,MF,24,1999,ENG-Premier League,2324,5,2,199,2.2,0,2,2,0,0,0,1,0,0.0,0.9,0.9,0.0,0.9,2.2,0,7,1,14.3,3.17,0.45,0.0,0.0,0,0,5,199.0,40.0,5.8,2.2,2,73.0,0,3,18.0,2,2.6,6.0,2.0,4.0,1.81,1.56,2.2,1,0,0,2,1,1,5,3,3,,,0
Micky van de Ven,Tottenham Hotspur,NED,DF,22,2001,ENG-Premier League,2324,27,27,2339,26.0,3,0,3,3,0,0,5,0,0.12,0.0,0.12,0.12,0.12,26.0,3,8,3,37.5,0.31,0.12,0.38,1.0,0,0,27,2339.0,87.0,68.4,26.0,27,87.0,23,0,,1,1.85,47.0,38.0,9.0,0.35,0.01,26.0,5,0,0,13,17,1,3,17,34,,,0
Mikey Moore,Tottenham Hotspur,ENG,MF,15,2007,ENG-Premier League,2324,2,0,4,0.0,0,0,0,0,0,0,0,0,0.0,0.0,0.0,0.0,0.0,0.0,0,0,0,,0.0,0.0,,,0,0,2,4.0,2.0,0.1,0.0,0,,0,2,2.0,3,1.5,0.0,0.0,0.0,0.0,-0.34,0.0,0,0,0,1,0,0,0,0,0,,,0
Oliver Skipp,Tottenham Hotspur,ENG,"MF,DF",22,2000,ENG-Premier League,2324,21,5,707,7.9,0,0,0,0,0,0,3,0,0.0,0.0,0.0,0.0,0.0,7.9,0,4,1,25.0,0.51,0.13,0.0,0.0,0,0,21,707.0,34.0,20.7,7.9,5,73.0,1,16,21.0,10,1.9,15.0,17.0,-2.0,-0.25,-0.75,7.9,3,0,0,8,12,0,1,4,13,,,0
Pape Matar Sarr,Tottenham Hotspur,SEN,MF,20,2002,ENG-Premier League,2324,34,27,2069,23.0,3,3,6,3,0,0,9,0,0.13,0.13,0.26,0.13,0.26,23.0,3,36,14,38.9,1.57,0.61,0.08,0.21,0,0,34,2069.0,61.0,60.5,23.0,27,71.0,4,7,23.0,0,1.79,40.0,27.0,13.0,0.57,0.57,23.0,9,0,0,32,17,0,25,30,24,,,0
Pedro Porro,Tottenham Hotspur,ESP,DF,23,1999,ENG-Premier League,2324,35,35,3089,34.3,3,7,10,3,0,0,3,0,0.09,0.2,0.29,0.09,0.29,34.3,3,53,12,22.6,1.54,0.35,0.06,0.25,0,0,35,3089.0,88.0,90.3,34.3,35,88.0,31,0,,1,1.77,66.0,54.0,12.0,0.35,0.08,34.3,3,0,0,37,27,1,198,33,65,,,0
Pierre Højbjerg,Tottenham Hotspur,DEN,MF,27,1995,ENG-Premier League,2324,36,8,1311,14.6,0,0,0,0,0,0,4,0,0.0,0.0,0.0,0.0,0.0,14.6,0,19,6,31.6,1.3,0.41,0.0,0.0,0,0,36,1311.0,36.0,38.3,14.6,8,83.0,4,28,23.0,2,1.81,32.0,28.0,4.0,0.27,-0.11,14.6,4,0,0,20,17,0,14,16,16,,,1
Radu Drăgușin,Tottenham Hotspur,ROU,DF,21,2002,ENG-Premier League,2324,9,4,429,4.8,0,0,0,0,0,0,1,0,0.0,0.0,0.0,0.0,0.0,4.8,0,1,0,0.0,0.21,0.0,0.0,,0,0,9,429.0,48.0,12.5,4.8,4,90.0,4,5,14.0,9,1.89,10.0,7.0,3.0,0.63,0.33,4.8,1,0,0,6,4,1,1,8,3,,,0
Richarlison,Tottenham Hotspur,BRA,"FW,MF",26,1997,ENG-Premier League,2324,28,18,1491,16.6,11,4,15,11,0,0,3,0,0.66,0.24,0.91,0.66,0.91,16.6,11,61,25,41.0,3.68,1.51,0.18,0.44,0,0,28,1491.0,53.0,43.6,16.6,18,74.0,6,10,15.0,1,1.82,36.0,18.0,18.0,1.09,1.32,16.6,3,0,0,20,30,12,15,8,11,,,0
Rodrigo Bentancur,Tottenham Hotspur,URU,MF,26,1997,ENG-Premier League,2324,23,13,1005,11.2,1,1,2,1,0,0,7,0,0.09,0.09,0.18,0.09,0.18,11.2,1,18,5,27.8,1.61,0.45,0.06,0.2,0,0,23,1005.0,44.0,29.4,11.2,13,59.0,1,10,24.0,0,1.43,17.0,25.0,-8.0,-0.72,-1.5,11.2,7,0,0,20,17,0,9,16,16,,,0
Son Heung-min,Tottenham Hotspur,KOR,"FW,MF",31,1992,ENG-Premier League,2324,35,34,2934,32.6,17,10,27,15,2,2,1,0,0.52,0.31,0.83,0.46,0.77,32.6,17,85,40,47.1,2.61,1.23,0.18,0.38,2,2,35,2934.0,84.0,85.8,32.6,34,85.0,19,1,29.0,0,1.74,63.0,51.0,12.0,0.37,0.18,32.6,1,0,0,12,39,20,36,8,13,,,1
Timo Werner,Tottenham Hotspur,GER,"MF,FW",27,1996,ENG-Premier League,2324,13,10,809,9.0,2,3,5,2,0,0,1,0,0.22,0.33,0.56,0.22,0.56,9.0,2,29,7,24.1,3.23,0.78,0.07,0.29,0,0,13,809.0,62.0,23.7,9.0,10,76.0,2,3,16.0,0,1.62,18.0,16.0,2.0,0.22,-0.16,9.0,1,0,0,3,5,12,28,3,4,,,0
Yves Bissouma,Tottenham Hotspur,MLI,MF,26,1996,ENG-Premier League,2324,28,26,2068,23.0,0,0,0,0,0,0,10,2,0.0,0.0,0.0,0.0,0.0,23.0,0,24,5,20.8,1.04,0.22,0.0,0.0,0,0,28,2068.0,74.0,60.5,23.0,26,77.0,8,2,28.0,0,1.75,44.0,35.0,9.0,0.39,0.13,23.0,10,2,1,35,31,0,1,34,51,,,0
Aaron Cresswell,West Ham United,ENG,DF,33,1989,ENG-Premier League,2324,11,4,436,4.8,0,0,0,0,0,0,1,0,0.0,0.0,0.0,0.0,0.0,4.8,0,0,0,,0.0,0.0,,,0,0,11,436.0,40.0,12.7,4.8,4,77.0,2,7,18.0,21,1.0,6.0,11.0,-5.0,-1.03,-0.76,4.8,1,0,0,2,3,1,11,4,2,,,0
Angelo Ogbonna,West Ham United,ITA,DF,35,1988,ENG-Premier League,2324,11,7,635,7.1,0,0,0,0,0,0,1,0,0.0,0.0,0.0,0.0,0.0,7.1,0,1,0,0.0,0.14,0.0,0.0,,0,0,11,635.0,58.0,18.6,7.1,7,83.0,5,4,13.0,27,1.82,12.0,14.0,-2.0,-0.28,0.1,7.1,1,0,0,1,3,0,0,3,5,,,0
Ben Johnson,West Ham United,ENG,"MF,DF",23,2000,ENG-Premier League,2324,14,4,544,6.0,0,0,0,0,0,0,1,0,0.0,0.0,0.0,0.0,0.0,6.0,0,6,2,33.3,0.99,0.33,0.0,0.0,0,0,14,544.0,39.0,15.9,6.0,4,90.0,4,10,18.0,11,1.14,5.0,16.0,-11.0,-1.82,-1.73,6.0,1,0,0,2,7,1,31,5,6,,,0
Danny Ings,West Ham United,ENG,"FW,MF",31,1992,ENG-Premier League,2324,20,3,404,4.5,1,0,1,1,0,0,1,0,0.22,0.0,0.22,0.22,0.22,4.5,1,12,4,33.3,2.67,0.89,0.08,0.25,0,0,20,404.0,20.0,11.8,4.5,3,80.0,1,17,10.0,18,0.95,5.0,10.0,-5.0,-1.11,-0.85,4.5,1,0,0,4,6,1,1,4,3,,,0
Divin Mubama,West Ham United,ENG,FW,18,2004,ENG-Premier League,2324,5,0,80,0.9,0,0,0,0,0,0,0,0,0.0,0.0,0.0,0.0,0.0,0.9,0,1,0,0.0,1.13,0.0,0.0,,0,0,5,80.0,16.0,2.3,0.9,0,,0,5,16.0,26,1.6,2.0,2.0,0.0,0.0,0.38,0.9,0,0,0,1,1,0,0,0,0,,,0
Edson Álvarez,West Ham United,MEX,MF,25,1997,ENG-Premier League,2324,31,28,2377,26.4,1,1,2,1,0,0,11,0,0.04,0.04,0.08,0.04,0.08,26.4,1,17,3,17.6,0.64,0.11,0.06,0.33,0,0,31,2377.0,77.0,69.5,26.4,28,82.0,18,3,25.0,1,1.48,39.0,45.0,-6.0,-0.23,0.46,26.4,11,0,0,33,15,1,4,43,40,,,0
Emerson Palmieri,West Ham United,ITA,DF,28,1994,ENG-Premier League,2324,36,35,3137,34.9,1,2,3,1,0,0,10,0,0.03,0.06,0.09,0.03,0.09,34.9,1,19,4,21.1,0.55,0.11,0.05,0.25,0,0,36,3137.0,87.0,91.7,34.9,35,88.0,29,1,45.0,0,1.42,56.0,67.0,-11.0,-0.32,0.64,34.9,10,0,0,32,33,1,49,40,67,,,1
George Earthy,West Ham United,ENG,MF,18,2004,ENG-Premier League,2324,3,0,34,0.4,1,0,1,1,0,0,0,0,2.65,0.0,2.65,2.65,2.65,0.4,1,1,1,100.0,2.65,2.65,1.0,1.0,0,0,3,34.0,11.0,1.0,0.4,0,,0,3,11.0,6,1.0,1.0,0.0,1.0,2.65,3.05,0.4,0,0,0,1,0,0,0,1,0,,,0
James Ward-Prowse,West Ham United,ENG,MF,28,1994,ENG-Premier League,2324,37,34,3001,33.3,7,7,14,5,2,2,4,0,0.21,0.21,0.42,0.15,0.36,33.3,7,44,18,40.9,1.32,0.54,0.11,0.28,2,2,37,3001.0,81.0,87.7,33.3,34,86.0,28,3,23.0,0,1.38,53.0,65.0,-12.0,-0.36,0.07,33.3,4,0,0,24,20,0,189,38,30,,,0
Jarrod Bowen,West Ham United,ENG,"MF,FW",26,1996,ENG-Premier League,2324,34,34,3019,33.5,16,6,22,16,0,0,2,0,0.48,0.18,0.66,0.48,0.66,33.5,16,85,37,43.5,2.53,1.1,0.19,0.43,0,0,34,3019.0,89.0,88.3,33.5,34,89.0,31,0,,0,1.44,53.0,63.0,-10.0,-0.3,0.6,33.5,2,0,0,28,42,20,74,19,29,,,0
Kaelan Casey,West Ham United,ENG,DF,18,2004,ENG-Premier League,2324,1,0,1,0.0,0,0,0,0,0,0,0,0,0.0,0.0,0.0,0.0,0.0,0.0,0,0,0,,0.0,0.0,,,0,0,1,1.0,1.0,0.0,0.0,0,,0,1,1.0,7,3.0,0.0,0.0,0.0,0.0,0.37,0.0,0,0,0,0,0,0,0,0,0,,,0
Kalvin Phillips,West Ham United,ENG,MF,27,1995,ENG-Premier League,2324,8,3,309,3.4,0,0,0,0,0,0,3,1,0.0,0.0,0.0,0.0,0.0,3.4,0,3,2,66.7,0.87,0.58,0.0,0.0,0,0,8,309.0,39.0,9.0,3.4,3,61.0,0,5,25.0,4,0.63,5.0,10.0,-5.0,-1.46,-1.2,3.4,3,1,1,14,5,0,1,3,5,,,0
Konstantinos Mavropanos,West Ham United,GRE,DF,25,1997,ENG-Premier League,2324,19,16,1500,16.7,1,0,1,1,0,0,2,0,0.06,0.0,0.06,0.06,0.06,16.7,1,12,3,25.0,0.72,0.18,0.08,0.33,0,0,19,1500.0,79.0,43.9,16.7,16,88.0,15,3,30.0,10,1.32,27.0,27.0,0.0,0.0,0.66,16.7,2,0,0,15,10,0,1,24,15,,,2
Kurt Zouma,West Ham United,FRA,DF,28,1994,ENG-Premier League,2324,33,32,2838,31.5,3,0,3,3,0,0,3,0,0.1,0.0,0.1,0.1,0.1,31.5,3,16,7,43.8,0.51,0.22,0.19,0.43,0,0,33,2838.0,86.0,83.0,31.5,32,88.0,29,1,31.0,1,1.39,53.0,63.0,-10.0,-0.32,0.3,31.5,3,0,0,24,6,0,0,27,17,,,0
Lucas Paquetá,West Ham United,BRA,MF,25,1997,ENG-Premier League,2324,31,31,2622,29.1,4,6,10,2,2,2,10,0,0.14,0.21,0.34,0.07,0.27,29.1,4,42,11,26.2,1.44,0.38,0.05,0.18,2,2,31,2622.0,85.0,76.7,29.1,31,85.0,15,0,,0,1.58,52.0,52.0,0.0,0.0,1.58,29.1,10,0,0,47,65,5,37,22,46,,,0
Maxwel Cornet,West Ham United,CIV,MF,26,1996,ENG-Premier League,2324,7,1,112,1.2,1,0,1,1,0,0,0,0,0.8,0.0,0.8,0.8,0.8,1.2,1,4,1,25.0,3.21,0.8,0.25,1.0,0,0,7,112.0,16.0,3.3,1.2,1,69.0,0,6,7.0,21,0.43,2.0,3.0,-1.0,-0.8,-0.45,1.2,0,0,0,2,2,3,1,2,2,,,0
Michail Antonio,West Ham United,JAM,FW,33,1990,ENG-Premier League,2324,26,21,1695,18.8,6,2,8,6,0,0,6,0,0.32,0.11,0.42,0.32,0.42,18.8,6,30,14,46.7,1.59,0.74,0.2,0.43,0,0,26,1695.0,65.0,49.6,18.8,21,75.0,2,5,26.0,0,1.27,32.0,34.0,-2.0,-0.11,0.52,18.8,6,0,0,25,28,9,25,2,8,,,0
Mohammed Kudus,West Ham United,GHA,MF,22,2000,ENG-Premier League,2324,33,27,2484,27.6,8,6,14,8,0,0,6,0,0.29,0.22,0.51,0.29,0.51,27.6,8,67,17,25.4,2.43,0.62,0.12,0.47,0,0,33,2484.0,75.0,72.6,27.6,27,88.0,18,6,17.0,0,1.3,40.0,61.0,-21.0,-0.76,-1.43,27.6,6,0,0,39,75,16,95,11,46,,,0
Nayef Aguerd,West Ham United,MAR,DF,27,1996,ENG-Premier League,2324,21,21,1857,20.6,1,0,1,1,0,0,3,1,0.05,0.0,0.05,0.05,0.05,20.6,1,14,4,28.6,0.68,0.19,0.07,0.25,0,0,21,1857.0,88.0,54.3,20.6,21,88.0,19,0,,4,1.19,26.0,44.0,-18.0,-0.87,-1.1,20.6,3,1,1,10,6,0,5,16,14,,,0
Pablo Fornals,West Ham United,ESP,MF,27,1996,ENG-Premier League,2324,15,4,426,4.7,0,0,0,0,0,0,0,0,0.0,0.0,0.0,0.0,0.0,4.7,0,7,3,42.9,1.48,0.63,0.0,0.0,0,0,15,426.0,28.0,12.5,4.7,4,78.0,2,11,11.0,6,1.67,6.0,9.0,-3.0,-0.63,-0.3,4.7,0,0,0,3,5,1,8,6,6,,,0
Saïd Benrahma,West Ham United,ALG,MF,27,1995,ENG-Premier League,2324,13,5,620,6.9,0,1,1,0,0,1,1,0,0.0,0.15,0.15,0.0,0.15,6.9,0,19,6,31.6,2.76,0.87,0.0,0.0,0,1,13,620.0,48.0,18.1,6.9,5,73.0,1,8,32.0,7,1.62,12.0,8.0,4.0,0.58,1.16,6.9,1,0,0,5,6,1,17,5,4,,,0
Thilo Kehrer,West Ham United,GER,DF,26,1996,ENG-Premier League,2324,4,0,22,0.2,0,0,0,0,0,0,2,0,0.0,0.0,0.0,0.0,0.0,0.2,0,0,0,,0.0,0.0,,,0,0,4,22.0,6.0,0.6,0.2,0,,0,4,6.0,14,1.75,0.0,1.0,-1.0,-4.09,-3.75,0.2,2,0,0,2,0,0,0,0,1,,,0
Tomáš Souček,West Ham United,CZE,MF,28,1995,ENG-Premier League,2324,37,34,2870,31.9,7,2,9,7,0,0,7,0,0.22,0.06,0.28,0.22,0.28,31.9,7,42,15,35.7,1.32,0.47,0.17,0.47,0,0,37,2870.0,78.0,83.9,31.9,34,83.0,25,3,16.0,0,1.32,51.0,64.0,-13.0,-0.41,-0.24,31.9,7,0,0,41,25,10,6,33,36,,,0
Vladimír Coufal,West Ham United,CZE,DF,30,1992,ENG-Premier League,2324,36,36,3132,34.8,0,7,7,0,0,0,7,1,0.0,0.2,0.2,0.0,0.2,34.8,0,8,2,25.0,0.23,0.06,0.0,0.0,0,0,36,3132.0,87.0,91.6,34.8,36,87.0,28,0,,0,1.39,57.0,69.0,-12.0,-0.34,0.28,34.8,7,1,1,32,27,1,107,38,42,,,0
Boubacar Traoré,Wolves,MLI,MF,21,2001,ENG-Premier League,2324,24,7,819,9.1,0,0,0,0,0,0,4,0,0.0,0.0,0.0,0.0,0.0,9.1,0,11,1,9.1,1.21,0.11,0.0,0.0,0,0,24,819.0,34.0,23.9,9.1,7,78.0,5,17,16.0,9,1.0,9.0,23.0,-14.0,-1.54,-1.5,9.1,4,0,0,23,4,1,5,5,22,,,0
Craig Dawson,Wolves,ENG,DF,33,1990,ENG-Premier League,2324,25,25,2209,24.5,1,1,2,1,0,0,7,0,0.04,0.04,0.08,0.04,0.08,24.5,1,16,5,31.3,0.65,0.2,0.06,0.2,0,0,25,2209.0,88.0,64.6,24.5,25,88.0,23,0,,2,1.4,33.0,38.0,-5.0,-0.2,0.54,24.5,7,0,0,20,15,4,1,16,19,,,0
Enso Gonzalez,Wolves,PAR,FW,18,2005,ENG-Premier League,2324,1,0,1,0.0,0,0,0,0,0,0,0,0,0.0,0.0,0.0,0.0,0.0,0.0,0,0,0,,0.0,0.0,,,0,0,1,1.0,1.0,0.0,0.0,0,,0,1,1.0,4,0.0,0.0,0.0,0.0,0.0,0.39,0.0,0,0,0,0,1,0,0,0,0,,,0
Fábio Silva,Wolves,POR,FW,21,2002,ENG-Premier League,2324,8,3,264,2.9,0,0,0,0,0,0,2,0,0.0,0.0,0.0,0.0,0.0,2.9,0,7,3,42.9,2.39,1.02,0.0,0.0,0,0,8,264.0,33.0,7.7,2.9,3,67.0,0,5,13.0,9,0.88,2.0,8.0,-6.0,-2.05,-1.79,2.9,2,0,0,8,4,5,0,2,4,,,0
Hugo Bueno,Wolves,ESP,"MF,DF",20,2002,ENG-Premier League,2324,22,7,741,8.2,0,0,0,0,0,0,1,0,0.0,0.0,0.0,0.0,0.0,8.2,0,5,0,0.0,0.61,0.0,0.0,,0,0,22,741.0,34.0,21.7,8.2,7,76.0,1,15,14.0,11,1.14,7.0,16.0,-9.0,-1.09,-0.89,8.2,1,0,0,7,6,1,29,5,14,,,1
Hwang Hee-chan,Wolves,KOR,"FW,MF",27,1996,ENG-Premier League,2324,29,25,2119,23.5,12,3,15,11,1,1,6,0,0.51,0.13,0.64,0.47,0.59,23.5,12,45,18,40.0,1.91,0.76,0.24,0.61,1,1,29,2119.0,73.0,62.0,23.5,25,80.0,14,4,32.0,0,1.31,35.0,37.0,-2.0,-0.08,0.81,23.5,6,0,0,31,32,15,11,9,10,,,0
Jean-Ricner Bellegarde,Wolves,HAI,"MF,FW",25,1998,ENG-Premier League,2324,22,10,958,10.6,2,1,3,2,0,0,0,1,0.19,0.09,0.28,0.19,0.28,10.6,2,15,5,33.3,1.41,0.47,0.13,0.4,0,0,22,958.0,44.0,28.0,10.6,10,61.0,1,12,29.0,0,1.23,7.0,23.0,-16.0,-1.5,-1.54,10.6,0,1,0,10,24,2,30,8,9,,,0
Jonny Castro,Wolves,ESP,"DF,MF",29,1994,ENG-Premier League,2324,1,0,5,0.1,0,0,0,0,0,0,0,0,0.0,0.0,0.0,0.0,0.0,0.1,0,0,0,,0.0,0.0,,,0,0,1,5.0,5.0,0.1,0.1,0,,0,1,5.0,7,3.0,0.0,0.0,0.0,0.0,0.4,0.1,0,0,0,0,0,0,0,0,0,,,0
João Gomes,Wolves,BRA,MF,22,2001,ENG-Premier League,2324,34,32,2649,29.4,2,1,3,2,0,0,11,0,0.07,0.03,0.1,0.07,0.1,29.4,2,26,8,30.8,0.88,0.27,0.08,0.25,0,0,34,2649.0,78.0,77.5,29.4,32,82.0,18,2,7.0,1,1.32,38.0,51.0,-13.0,-0.44,-0.21,29.4,11,0,0,66,38,1,25,18,75,,,0
Leon Chiwome,Wolves,ENG,FW,17,2006,ENG-Premier League,2324,3,2,174,1.9,0,0,0,0,0,0,0,0,0.0,0.0,0.0,0.0,0.0,1.9,0,2,0,0.0,1.03,0.0,0.0,,0,0,3,174.0,58.0,5.1,1.9,2,79.0,0,1,16.0,1,0.33,1.0,4.0,-3.0,-1.55,-1.22,1.9,0,0,0,2,2,2,0,0,1,,,0
Mario Lemina,Wolves,GAB,MF,29,1993,ENG-Premier League,2324,35,34,2968,33.0,4,1,5,4,0,0,12,1,0.12,0.03,0.15,0.12,0.15,33.0,4,48,18,37.5,1.46,0.55,0.08,0.22,0,0,35,2968.0,85.0,86.8,33.0,34,86.0,26,1,40.0,0,1.14,43.0,55.0,-12.0,-0.36,0.23,33.0,12,1,1,43,24,8,15,41,58,,,0
Matheus Cunha,Wolves,BRA,"FW,MF",24,1999,ENG-Premier League,2324,32,29,2440,27.1,12,7,19,11,1,1,9,0,0.44,0.26,0.7,0.41,0.66,27.1,12,73,38,52.1,2.69,1.4,0.15,0.29,1,1,32,2440.0,76.0,71.3,27.1,29,81.0,12,3,29.0,0,1.16,40.0,46.0,-6.0,-0.22,0.61,27.1,9,0,0,31,50,4,24,11,15,,,0
Matheus Nunes,Wolves,POR,MF,24,1998,ENG-Premier League,2324,2,2,179,2.0,0,0,0,0,0,0,2,1,0.0,0.0,0.0,0.0,0.0,2.0,0,1,0,0.0,0.5,0.0,0.0,,0,0,2,179.0,90.0,5.2,2.0,2,90.0,1,0,,0,0.0,1.0,5.0,-4.0,-2.01,-1.71,2.0,2,1,1,0,6,3,3,5,1,,,0
Matt Doherty,Wolves,IRL,"MF,DF",31,1992,ENG-Premier League,2324,30,9,1150,12.8,1,0,1,1,0,0,2,0,0.08,0.0,0.08,0.08,0.08,12.8,1,8,3,37.5,0.63,0.23,0.13,0.33,0,0,30,1150.0,38.0,33.6,12.8,9,79.0,4,21,21.0,8,1.4,17.0,21.0,-4.0,-0.31,0.12,12.8,2,0,0,13,11,5,13,7,18,,,0
Max Kilman,Wolves,ENG,DF,26,1997,ENG-Premier League,2324,38,38,3420,38.0,2,0,2,2,0,0,7,0,0.05,0.0,0.05,0.05,0.05,38.0,2,14,6,42.9,0.37,0.16,0.14,0.33,0,0,38,3420.0,90.0,100.0,38.0,38,90.0,38,0,,0,1.21,50.0,65.0,-15.0,-0.39,,38.0,7,0,0,38,18,2,6,38,19,,,0
Nathan Fraser,Wolves,IRL,FW,18,2005,ENG-Premier League,2324,7,1,186,2.1,0,0,0,0,0,0,1,0,0.0,0.0,0.0,0.0,0.0,2.1,0,3,2,66.7,1.45,0.97,0.0,0.0,0,0,7,186.0,27.0,5.4,2.1,1,76.0,0,6,18.0,13,0.57,4.0,3.0,1.0,0.48,0.93,2.1,1,0,0,5,3,0,0,1,2,,,0
Nélson Semedo,Wolves,POR,"MF,DF",29,1993,ENG-Premier League,2324,36,36,3084,34.3,0,1,1,0,0,0,10,1,0.0,0.03,0.03,0.0,0.03,34.3,0,17,4,23.5,0.5,0.12,0.0,0.0,0,0,36,3084.0,86.0,90.2,34.3,36,86.0,27,0,,0,1.19,45.0,60.0,-15.0,-0.44,-0.44,34.3,10,1,0,48,30,1,80,35,48,,,0
Pablo Sarabia,Wolves,ESP,"MF,FW",31,1992,ENG-Premier League,2324,30,20,1745,19.4,4,7,11,2,2,2,5,0,0.21,0.36,0.57,0.1,0.46,19.4,4,46,18,39.1,2.37,0.93,0.04,0.11,2,2,30,1745.0,58.0,51.0,19.4,20,77.0,5,10,20.0,7,1.33,31.0,27.0,4.0,0.21,1.23,19.4,5,0,0,21,25,10,132,9,14,,,0
Pedro Neto,Wolves,POR,"MF,FW",23,2000,ENG-Premier League,2324,20,18,1516,16.8,2,9,11,2,0,0,4,0,0.12,0.53,0.65,0.12,0.65,16.8,2,36,12,33.3,2.14,0.71,0.06,0.17,0,0,20,1516.0,76.0,44.3,16.8,18,83.0,12,2,12.0,1,1.4,22.0,27.0,-5.0,-0.3,0.18,16.8,4,0,0,15,21,2,114,5,4,,,0
Rayan Aït-Nouri,Wolves,ALG,"MF,DF",22,2001,ENG-Premier League,2324,33,29,2329,25.9,2,1,3,2,0,0,7,0,0.08,0.04,0.12,0.08,0.12,25.9,2,23,7,30.4,0.89,0.27,0.09,0.29,0,0,33,2329.0,71.0,68.1,25.9,29,76.0,10,4,30.0,0,1.21,36.0,43.0,-7.0,-0.27,0.39,25.9,7,0,0,25,53,9,42,16,45,,,0
Santiago Bueno,Wolves,URU,DF,24,1998,ENG-Premier League,2324,12,9,822,9.1,0,0,0,0,0,0,1,0,0.0,0.0,0.0,0.0,0.0,9.1,0,0,0,,0.0,0.0,,,0,0,12,822.0,69.0,24.0,9.1,9,84.0,7,3,21.0,18,0.92,12.0,18.0,-6.0,-0.66,-0.35,9.1,1,0,0,10,5,0,2,6,7,,,0
Sasa Kalajdzic,Wolves,AUT,FW,26,1997,ENG-Premier League,2324,11,1,166,1.8,2,0,2,2,0,0,0,0,1.08,0.0,1.08,1.08,1.08,1.8,2,4,2,50.0,2.17,1.08,0.5,1.0,0,0,11,166.0,15.0,4.9,1.8,1,60.0,0,10,11.0,9,1.09,6.0,2.0,4.0,2.17,2.69,1.8,0,0,0,6,4,2,1,1,2,,,0
Tawanda Chirewa,Wolves,ZIM,FW,19,2003,ENG-Premier League,2324,8,1,145,1.6,0,0,0,0,0,0,1,0,0.0,0.0,0.0,0.0,0.0,1.6,0,3,1,33.3,1.86,0.62,0.0,0.0,0,0,8,145.0,18.0,4.2,1.6,1,74.0,0,7,10.0,15,0.25,0.0,2.0,-2.0,-1.24,-0.88,1.6,1,0,0,4,2,1,4,1,3,,,0
Tommy Doyle,Wolves,ENG,MF,21,2001,ENG-Premier League,2324,26,11,1222,13.6,0,0,0,0,0,0,2,0,0.0,0.0,0.0,0.0,0.0,13.6,0,14,3,21.4,1.03,0.22,0.0,0.0,0,0,26,1222.0,47.0,35.7,13.6,11,82.0,5,15,22.0,6,1.08,18.0,24.0,-6.0,-0.44,-0.07,13.6,2,0,0,11,4,0,27,13,13,,,0
Toti Gomes,Wolves,POR,DF,24,1999,ENG-Premier League,2324,35,31,2772,30.8,1,3,4,1,0,0,7,0,0.03,0.1,0.13,0.03,0.13,30.8,1,10,5,50.0,0.32,0.16,0.1,0.2,0,0,35,2772.0,79.0,81.1,30.8,31,86.0,23,4,29.0,3,1.31,42.0,49.0,-7.0,-0.23,0.88,30.8,7,0,0,38,13,1,13,23,23,,,0
